00900	active	Active
00902	active	Active
01361	active	Active
01512	active	Active
01520	active	Active
02826	active	Active
02872	active	Active
02874	active	Active
02909	active	Active
05398	active	Active
07530	active	Active
07646	active	Active
08820	active	Active
11060	active	Active
11416	active	Active
14781	active	Active
15427	active	Active
16908	active	Active
19548	active	Active
19822	active	Active
20253	active	Active
20442	active	Active
20580	active	Active
20776	active	Active
21639	active	Active
22195	active	Active
22314	active	Active
22490	active	Active
22787	active	Active
22824	active	Active
22826	active	Active
22988	active	Active
23027	active	Active
23331	active	Active
23439	active	Active
23467	active	Active
23553	active	Active
23613	active	Active
23628	active	Active
23712	active	Active
23788	active	Active
23802	active	Active
23839	active	Active
23842	active	Active
23846	active	Active
24278	active	Active
24307	active	Active
24315	active	Active
24674	active	Active
24713	active	Active
24732	active	Active
24737	active	Active
24753	active	Active
24812	active	Active
24876	active	Active
24916	active	Active
24920	active	Active
24936	active	Active
24957	active	Active
25019	active	Active
25030	active	Active
25071	active	Active
25112	active	Active
25113	active	Active
25114	active	Active
25115	active	Active
25116	active	Active
25117	active	Active
25118	active	Active
25119	active	Active
25153	active	Active
25159	active	Active
25160	active	Active
25258	active	Active
25338	active	Active
25371	active	Active
25397	active	Active
25414	active	Active
25415	active	Active
25416	active	Active
25418	active	Active
25419	active	Active
25420	active	Active
25462	active	Active
25475	active	Active
25477	active	Active
25481	active	Active
25504	active	Active
25544	active	Active
25560	active	Active
25621	active	Active
25630	active	Active
25635	active	Active
25639	active	Active
25652	active	Active
25657	active	Active
25682	active	Active
25740	active	Active
25757	active	Active
25785	active	Active
25867	active	Active
25894	active	Active
25924	active	Active
25933	active	Active
25949	active	Active
25954	active	Active
25967	active	Active
25980	active	Active
25981	active	Active
25982	active	Active
25983	active	Active
25984	active	Active
25985	active	Active
25989	active	Active
25991	active	Active
25994	active	Active
26034	active	Active
26038	active	Active
26052	active	Active
26081	active	Active
26102	active	Active
26107	active	Active
26113	active	Active
26356	active	Active
26360	active	Active
26369	active	Active
26388	active	Active
26407	active	Active
26410	active	Active
26411	active	Active
26451	active	Active
26463	active	Active
26464	active	Active
26469	active	Active
26494	active	Active
26495	active	Active
26554	active	Active
26575	active	Active
26580	active	Active
26590	active	Active
26605	active	Active
26608	active	Active
26624	active	Active
26638	active	Active
26639	active	Active
26690	active	Active
26702	active	Active
26715	active	Active
26719	active	Active
26720	active	Active
26766	active	Active
26824	active	Active
26853	active	Active
26857	active	Active
26880	active	Active
26900	active	Active
26927	active	Active
26931	active	Active
26958	active	Active
26959	active	Active
26985	active	Active
26998	active	Active
27004	active	Active
27056	active	Active
27057	active	Active
27168	active	Active
27370	active	Active
27378	active	Active
27380	active	Active
27389	active	Active
27399	active	Active
27400	active	Active
27403	active	Active
27414	active	Active
27424	active	Active
27426	active	Active
27438	active	Active
27441	active	Active
27445	active	Active
27450	active	Active
27460	active	Active
27461	active	Active
27464	active	Active
27465	active	Active
27509	active	Active
27513	active	Active
27528	active	Active
27540	active	Active
27566	active	Active
27603	active	Active
27606	active	Active
27607	active	Active
27612	active	Active
27632	active	Active
27640	active	Active
27651	active	Active
27663	active	Active
27683	active	Active
27691	active	Active
27704	active	Active
27711	active	Active
27715	active	Active
27718	active	Active
27811	active	Active
27825	active	Active
27831	active	Active
27843	active	Active
27844	active	Active
27848	active	Active
27852	active	Active
27854	active	Active
27858	active	Active
27868	active	Active
27869	active	Active
27875	active	Active
27939	active	Active
27954	active	Active
28051	active	Active
28054	active	Active
28058	active	Active
28089	active	Active
28117	active	Active
28129	active	Active
28158	active	Active
28184	active	Active
28187	active	Active
28190	active	Active
28220	active	Active
28238	active	Active
28252	active	Active
28254	active	Active
28358	active	Active
28361	active	Active
28366	active	Active
28369	active	Active
28370	active	Active
28371	active	Active
28372	active	Active
28376	active	Active
28378	active	Active
28380	active	Active
28413	active	Active
28414	active	Active
28419	active	Active
28420	active	Active
28446	active	Active
28470	active	Active
28472	active	Active
28474	active	Active
28485	active	Active
28493	active	Active
28521	active	Active
28526	active	Active
28542	active	Active
28626	active	Active
28628	active	Active
28638	active	Active
28644	active	Active
28649	active	Active
28654	active	Active
28659	active	Active
28702	active	Active
28707	active	Active
28737	active	Active
28773	active	Active
28786	active	Active
28790	active	Active
28810	active	Active
28868	active	Active
28874	active	Active
28884	active	Active
28885	active	Active
28890	active	Active
28893	active	Active
28895	active	Active
28899	active	Active
28902	active	Active
28903	active	Active
28908	active	Active
28911	active	Active
28912	active	Active
28924	active	Active
28935	active	Active
28937	active	Active
28945	active	Active
28946	active	Active
29045	active	Active
29047	active	Active
29048	active	Active
29049	active	Active
29050	active	Active
29051	active	Active
29052	active	Active
29055	active	Active
29079	active	Active
29107	active	Active
29108	active	Active
29155	active	Active
29162	active	Active
29163	active	Active
29228	active	Active
29236	active	Active
29252	active	Active
29268	active	Active
29270	active	Active
29272	active	Active
29273	active	Active
29349	active	Active
29479	active	Active
29486	active	Active
29494	active	Active
29495	active	Active
29499	active	Active
29505	active	Active
29506	active	Active
29520	active	Active
29522	active	Active
29526	active	Active
29601	active	Active
29643	active	Active
29644	active	Active
29648	active	Active
29670	active	Active
29671	active	Active
29678	active	Active
29709	active	Active
29710	active	Active
30580	active	Active
30774	active	Active
30776	active	Active
30777	active	Active
30793	active	Active
30794	active	Active
30797	active	Active
30798	active	Active
31102	active	Active
31113	active	Active
31118	active	Active
31119	active	Active
31121	active	Active
31124	active	Active
31125	active	Active
31127	active	Active
31135	active	Active
31304	active	Active
31306	active	Active
31307	active	Active
31490	active	Active
31571	active	Active
31573	active	Active
31574	active	Active
31576	active	Active
31598	active	Active
31698	active	Active
31789	active	Active
31792	active	Active
31800	active	Active
31862	active	Active
32018	active	Active
32019	active	Active
32050	active	Active
32060	active	Active
32252	active	Active
32253	active	Active
32258	active	Active
32260	active	Active
32263	active	Active
32264	active	Active
32265	active	Active
32275	active	Active
32276	active	Active
32289	active	Active
32293	active	Active
32294	active	Active
32299	active	Active
32376	active	Active
32382	active	Active
32384	active	Active
32388	active	Active
32393	active	Active
32395	active	Active
32404	active	Active
32478	active	Active
32487	active	Active
32708	active	Active
32711	active	Active
32729	active	Active
32763	active	Active
32767	active	Active
32768	active	Active
32779	active	Active
32783	active	Active
32785	active	Active
32788	active	Active
32789	active	Active
32791	active	Active
32794	active	Active
32951	active	Active
32953	active	Active
32954	active	Active
32955	active	Active
32956	active	Active
32958	active	Active
33051	active	Active
33053	active	Active
33055	active	Active
33056	active	Active
33105	active	Active
33153	active	Active
33154	active	Active
33207	active	Active
33274	active	Active
33275	active	Active
33278	active	Active
33312	active	Active
33313	active	Active
33314	active	Active
33315	active	Active
33316	active	Active
33320	active	Active
33321	active	Active
33331	active	Active
33373	active	Active
33376	active	Active
33396	active	Active
33408	active	Active
33409	active	Active
33412	active	Active
33414	active	Active
33433	active	Active
33434	active	Active
33436	active	Active
33446	active	Active
33453	active	Active
33459	active	Active
33460	active	Active
33463	active	Active
33492	active	Active
33498	active	Active
33499	active	Active
33591	active	Active
33595	active	Active
33749	active	Active
33750	active	Active
33751	active	Active
33752	active	Active
34111	active	Active
34661	active	Active
34710	active	Active
34713	active	Active
34807	active	Active
34839	active	Active
34941	active	Active
35008	active	Active
35362	active	Active
35491	active	Active
35493	active	Active
35496	active	Active
35498	active	Active
35500	active	Active
35681	active	Active
35682	active	Active
35683	active	Active
35684	active	Active
35685	active	Active
35686	active	Active
35696	active	Active
35752	active	Active
35755	active	Active
35756	active	Active
35812	active	Active
35865	active	Active
35873	active	Active
35931	active	Active
35932	active	Active
35933	active	Active
35935	active	Active
35942	active	Active
35943	active	Active
35946	active	Active
35951	active	Active
36032	active	Active
36033	active	Active
36036	active	Active
36037	active	Active
36088	active	Active
36095	active	Active
36097	active	Active
36101	active	Active
36106	active	Active
36108	active	Active
36110	active	Active
36111	active	Active
36112	active	Active
36119	active	Active
36121	active	Active
36122	active	Active
36131	active	Active
36287	active	Active
36358	active	Active
36395	active	Active
36397	active	Active
36400	active	Active
36401	active	Active
36402	active	Active
36411	active	Active
36413	active	Active
36414	active	Active
36415	active	Active
36499	active	Active
36508	active	Active
36516	active	Active
36519	active	Active
36581	active	Active
36582	active	Active
36585	active	Active
36592	active	Active
36596	active	Active
36605	active	Active
36744	active	Active
36745	active	Active
36792	active	Active
36795	active	Active
36797	active	Active
36798	active	Active
36799	active	Active
36828	active	Active
36830	active	Active
36831	active	Active
36834	active	Active
36868	active	Active
36985	active	Active
37139	active	Active
37150	active	Active
37152	active	Active
37153	active	Active
37154	active	Active
37158	active	Active
37165	active	Active
37166	active	Active
37167	active	Active
37168	active	Active
37179	active	Active
37180	active	Active
37185	active	Active
37188	active	Active
37189	active	Active
37190	active	Active
37191	active	Active
37192	active	Active
37193	active	Active
37206	active	Active
37207	active	Active
37210	active	Active
37212	active	Active
37214	active	Active
37216	active	Active
37218	active	Active
37234	active	Active
37237	active	Active
37238	active	Active
37256	active	Active
37258	active	Active
37264	active	Active
37265	active	Active
37372	active	Active
37384	active	Active
37387	active	Active
37388	active	Active
37389	active	Active
37392	active	Active
37393	active	Active
37398	active	Active
37481	active	Active
37602	active	Active
37605	active	Active
37606	active	Active
37677	active	Active
37730	active	Active
37737	active	Active
37739	active	Active
37740	active	Active
37741	active	Active
37742	active	Active
37743	active	Active
37744	active	Active
37746	active	Active
37748	active	Active
37749	active	Active
37753	active	Active
37763	active	Active
37765	active	Active
37775	active	Active
37776	active	Active
37779	active	Active
37781	active	Active
37789	active	Active
37790	active	Active
37791	active	Active
37792	active	Active
37793	active	Active
37804	active	Active
37806	active	Active
37809	active	Active
37810	active	Active
37816	active	Active
37818	active	Active
37826	active	Active
37829	active	Active
37834	active	Active
37836	active	Active
37838	active	Active
37839	active	Active
37841	active	Active
37843	active	Active
37846	active	Active
37847	active	Active
37849	active	Active
37855	active	Active
37867	active	Active
37868	active	Active
37869	active	Active
37875	active	Active
37930	active	Active
37931	active	Active
37933	active	Active
37941	active	Active
37948	active	Active
37951	active	Active
38011	active	Active
38012	active	Active
38014	active	Active
38038	active	Active
38040	active	Active
38041	active	Active
38042	active	Active
38043	active	Active
38044	active	Active
38045	active	Active
38046	active	Active
38049	active	Active
38070	active	Active
38077	active	Active
38087	active	Active
38091	active	Active
38093	active	Active
38098	active	Active
38107	active	Active
38245	active	Active
38250	active	Active
38251	active	Active
38254	active	Active
38256	active	Active
38257	active	Active
38331	active	Active
38332	active	Active
38337	active	Active
38338	active	Active
38339	active	Active
38342	active	Active
38352	active	Active
38354	active	Active
38356	active	Active
38358	active	Active
38551	active	Active
38552	active	Active
38652	active	Active
38707	active	Active
38708	active	Active
38709	active	Active
38710	active	Active
38711	active	Active
38730	active	Active
38733	active	Active
38734	active	Active
38736	active	Active
38740	active	Active
38741	active	Active
38744	active	Active
38745	active	Active
38749	active	Active
38752	active	Active
38755	active	Active
38767	active	Active
38768	active	Active
38771	active	Active
38775	active	Active
38778	active	Active
38779	active	Active
38782	active	Active
38833	active	Active
38857	active	Active
38858	active	Active
38860	active	Active
38861	active	Active
38867	active	Active
38953	active	Active
38977	active	Active
38978	active	Active
38991	active	Active
38992	active	Active
38995	active	Active
38997	active	Active
38998	active	Active
39008	active	Active
39011	active	Active
39012	active	Active
39013	active	Active
39017	active	Active
39019	active	Active
39020	active	Active
39022	active	Active
39030	active	Active
39034	active	Active
39035	active	Active
39057	active	Active
39058	active	Active
39059	active	Active
39068	active	Active
39070	active	Active
39072	active	Active
39073	active	Active
39074	active	Active
39075	active	Active
39076	active	Active
39077	active	Active
39078	active	Active
39079	active	Active
39084	active	Active
39086	active	Active
39088	active	Active
39089	active	Active
39090	active	Active
39120	active	Active
39122	active	Active
39127	active	Active
39132	active	Active
39134	active	Active
39135	active	Active
39136	active	Active
39150	active	Active
39151	active	Active
39155	active	Active
39157	active	Active
39159	active	Active
39160	active	Active
39161	active	Active
39163	active	Active
39166	active	Active
39168	active	Active
39172	active	Active
39177	active	Active
39186	active	Active
39188	active	Active
39189	active	Active
39190	active	Active
39191	active	Active
39194	active	Active
39197	active	Active
39199	active	Active
39202	active	Active
39206	active	Active
39208	active	Active
39209	active	Active
39210	active	Active
39215	active	Active
39216	active	Active
39222	active	Active
39227	active	Active
39233	active	Active
39234	active	Active
39237	active	Active
39239	active	Active
39240	active	Active
39241	active	Active
39249	active	Active
39250	active	Active
39251	active	Active
39253	active	Active
39256	active	Active
39260	active	Active
39265	active	Active
39268	active	Active
39269	active	Active
39270	active	Active
39285	active	Active
39358	active	Active
39360	active	Active
39363	active	Active
39375	active	Active
39380	active	Active
39410	active	Active
39416	active	Active
39417	active	Active
39418	active	Active
39419	active	Active
39420	active	Active
39422	active	Active
39423	active	Active
39425	active	Active
39427	active	Active
39430	active	Active
39439	active	Active
39440	active	Active
39441	active	Active
39444	active	Active
39446	active	Active
39451	active	Active
39452	active	Active
39453	active	Active
39455	active	Active
39460	active	Active
39465	active	Active
39466	active	Active
39476	active	Active
39481	active	Active
39483	active	Active
39484	active	Active
39485	active	Active
39487	active	Active
39498	active	Active
39500	active	Active
39504	active	Active
39508	active	Active
39509	active	Active
39522	active	Active
39533	active	Active
39574	active	Active
39612	active	Active
39613	active	Active
39616	active	Active
39617	active	Active
39620	active	Active
39624	active	Active
39634	active	Active
39635	active	Active
39727	active	Active
39728	active	Active
39731	active	Active
39741	active	Active
39761	active	Active
39762	active	Active
39763	active	Active
39766	active	Active
39767	active	Active
39768	active	Active
39769	active	Active
39770	active	Active
39773	active	Active
40001	active	Active
40010	active	Active
40011	active	Active
40012	active	Active
40013	active	Active
40014	active	Active
40015	active	Active
40016	active	Active
40018	active	Active
40019	active	Active
40020	active	Active
40021	active	Active
40023	active	Active
40024	active	Active
40025	active	Active
40026	active	Active
40027	active	Active
40029	active	Active
40030	active	Active
40031	active	Active
40032	active	Active
40033	active	Active
40035	active	Active
40036	active	Active
40037	active	Active
40038	active	Active
40039	active	Active
40040	active	Active
40041	active	Active
40042	active	Active
40043	active	Active
40044	active	Active
40045	active	Active
40046	active	Active
40053	active	Active
40059	active	Active
40061	active	Active
40062	active	Active
40063	active	Active
40069	active	Active
40070	active	Active
40071	active	Active
40072	active	Active
40074	active	Active
40075	active	Active
40076	active	Active
40079	active	Active
40080	active	Active
40081	active	Active
40082	active	Active
40086	active	Active
40087	active	Active
40091	active	Active
40099	active	Active
40100	active	Active
40101	active	Active
40105	active	Active
40107	active	Active
40109	active	Active
40110	active	Active
40111	active	Active
40115	active	Active
40118	active	Active
40119	active	Active
40128	active	Active
40129	active	Active
40136	active	Active
40137	active	Active
40141	active	Active
40143	active	Active
40144	active	Active
40146	active	Active
40147	active	Active
40258	active	Active
40261	active	Active
40267	active	Active
40269	active	Active
40271	active	Active
40272	active	Active
40275	active	Active
40277	active	Active
40286	active	Active
40294	active	Active
40296	active	Active
40298	active	Active
40299	active	Active
40301	active	Active
40305	active	Active
40310	active	Active
40315	active	Active
40332	active	Active
40333	active	Active
40336	active	Active
40338	active	Active
40339	active	Active
40340	active	Active
40345	active	Active
40348	active	Active
40349	active	Active
40350	active	Active
40351	active	Active
40353	active	Active
40358	active	Active
40360	active	Active
40362	active	Active
40364	active	Active
40367	active	Active
40374	active	Active
40376	active	Active
40377	active	Active
40378	active	Active
40379	active	Active
40380	active	Active
40384	active	Active
40420	active	Active
40424	active	Active
40425	active	Active
40482	active	Active
40483	active	Active
40484	active	Active
40485	active	Active
40505	active	Active
40534	active	Active
40536	active	Active
40544	active	Active
40545	active	Active
40547	active	Active
40549	active	Active
40552	active	Active
40553	active	Active
40554	active	Active
40555	active	Active
40613	active	Active
40617	active	Active
40659	active	Active
40660	active	Active
40663	active	Active
40664	active	Active
40697	active	Active
40699	active	Active
40701	active	Active
40715	active	Active
40716	active	Active
40717	active	Active
40718	active	Active
40730	active	Active
40732	active	Active
40733	active	Active
40746	active	Active
40748	active	Active
40749	active	Active
40874	active	Active
40875	active	Active
40878	active	Active
40880	active	Active
40882	active	Active
40887	active	Active
40889	active	Active
40890	active	Active
40892	active	Active
40894	active	Active
40895	active	Active
40899	active	Active
40900	active	Active
40901	active	Active
40902	active	Active
40903	active	Active
40904	active	Active
40905	active	Active
40906	active	Active
40907	active	Active
40908	active	Active
40910	active	Active
40911	active	Active
40912	active	Active
40920	active	Active
40921	active	Active
40922	active	Active
40925	active	Active
40926	active	Active
40928	active	Active
40930	active	Active
40931	active	Active
40932	active	Active
40933	active	Active
40935	active	Active
40936	active	Active
40938	active	Active
40940	active	Active
40941	active	Active
40946	active	Active
40959	active	Active
40960	active	Active
40961	active	Active
40965	active	Active
40966	active	Active
40982	active	Active
40984	active	Active
40988	active	Active
41019	active	Active
41021	active	Active
41026	active	Active
41028	active	Active
41029	active	Active
41032	active	Active
41034	active	Active
41036	active	Active
41038	active	Active
41103	active	Active
41105	active	Active
41121	active	Active
41166	active	Active
41167	active	Active
41168	active	Active
41169	active	Active
41170	active	Active
41171	active	Active
41173	active	Active
41174	active	Active
41175	active	Active
41179	active	Active
41182	active	Active
41183	active	Active
41184	active	Active
41185	active	Active
41186	active	Active
41187	active	Active
41188	active	Active
41189	active	Active
41191	active	Active
41194	active	Active
41238	active	Active
41240	active	Active
41241	active	Active
41310	active	Active
41328	active	Active
41330	active	Active
41332	active	Active
41335	active	Active
41340	active	Active
41380	active	Active
41382	active	Active
41384	active	Active
41386	active	Active
41394	active	Active
41434	active	Active
41456	active	Active
41457	active	Active
41459	active	Active
41460	active	Active
41463	active	Active
41464	active	Active
41465	active	Active
41469	active	Active
41471	active	Active
41473	active	Active
41549	active	Active
41550	active	Active
41552	active	Active
41554	active	Active
41556	active	Active
41557	active	Active
41558	active	Active
41579	active	Active
41581	active	Active
41586	active	Active
41588	active	Active
41589	active	Active
41591	active	Active
41592	active	Active
41599	active	Active
41601	active	Active
41602	active	Active
41603	active	Active
41604	active	Active
41605	active	Active
41606	active	Active
41607	active	Active
41608	active	Active
41609	active	Active
41610	active	Active
41611	active	Active
41612	active	Active
41613	active	Active
41614	active	Active
41615	active	Active
41616	active	Active
41617	active	Active
41618	active	Active
41619	active	Active
41622	active	Active
41634	active	Active
41725	active	Active
41727	active	Active
41729	active	Active
41731	active	Active
41744	active	Active
41745	active	Active
41747	active	Active
41748	active	Active
41752	active	Active
41770	active	Active
41771	active	Active
41772	active	Active
41773	active	Active
41774	active	Active
41784	active	Active
41785	active	Active
41786	active	Active
41787	active	Active
41788	active	Active
41790	active	Active
41793	active	Active
41794	active	Active
41836	active	Active
41838	active	Active
41841	active	Active
41842	active	Active
41843	active	Active
41844	active	Active
41845	active	Active
41847	active	Active
41848	active	Active
41849	active	Active
41850	active	Active
41851	active	Active
41852	active	Active
41853	active	Active
41854	active	Active
41855	active	Active
41857	active	Active
41859	active	Active
41860	active	Active
41861	active	Active
41862	active	Active
41866	active	Active
41868	active	Active
41869	active	Active
41871	active	Active
41872	active	Active
41873	active	Active
41874	active	Active
41875	active	Active
41877	active	Active
41879	active	Active
41882	active	Active
41884	active	Active
41885	active	Active
41886	active	Active
41887	active	Active
41888	active	Active
41889	active	Active
41890	active	Active
41891	active	Active
41893	active	Active
41896	active	Active
41898	active	Active
41899	active	Active
41900	active	Active
41901	active	Active
41903	active	Active
41904	active	Active
41907	active	Active
41908	active	Active
41911	active	Active
41913	active	Active
41914	active	Active
41915	active	Active
41917	active	Active
41918	active	Active
41919	active	Active
41920	active	Active
41921	active	Active
41922	active	Active
41923	active	Active
41924	active	Active
41925	active	Active
41926	active	Active
41937	active	Active
41942	active	Active
41944	active	Active
41945	active	Active
41948	active	Active
41949	active	Active
41950	active	Active
41951	active	Active
41952	active	Active
41953	active	Active
41954	active	Active
41955	active	Active
41956	active	Active
41957	active	Active
41958	active	Active
41959	active	Active
41960	active	Active
41961	active	Active
41962	active	Active
41963	active	Active
41964	active	Active
41965	active	Active
41966	active	Active
41967	active	Active
41968	active	Active
41969	active	Active
41970	active	Active
41971	active	Active
41972	active	Active
41973	active	Active
41974	active	Active
41975	active	Active
41976	active	Active
41977	active	Active
41978	active	Active
41979	active	Active
41980	active	Active
41981	active	Active
41982	active	Active
41983	active	Active
41984	active	Active
41985	active	Active
41986	active	Active
41987	active	Active
41988	active	Active
41989	active	Active
41990	active	Active
41991	active	Active
41992	active	Active
41993	active	Active
41994	active	Active
41995	active	Active
41996	active	Active
41997	active	Active
41998	active	Active
41999	active	Active
42000	active	Active
42001	active	Active
42002	active	Active
42003	active	Active
42004	active	Active
42005	active	Active
42006	active	Active
42007	active	Active
42008	active	Active
42009	active	Active
42010	active	Active
42011	active	Active
42012	active	Active
42013	active	Active
42014	active	Active
42015	active	Active
42016	active	Active
42017	active	Active
42018	active	Active
42019	active	Active
42020	active	Active
42021	active	Active
42022	active	Active
42023	active	Active
42024	active	Active
42025	active	Active
42026	active	Active
42027	active	Active
42028	active	Active
42029	active	Active
42030	active	Active
42031	active	Active
42032	active	Active
42033	active	Active
42034	active	Active
42035	active	Active
42036	active	Active
42037	active	Active
42038	active	Active
42039	active	Active
42040	active	Active
42041	active	Active
42042	active	Active
42043	active	Active
42044	active	Active
42045	active	Active
42046	active	Active
42047	active	Active
42048	active	Active
42049	active	Active
42050	active	Active
42051	active	Active
42061	active	Active
42063	active	Active
42070	active	Active
42075	active	Active
42432	active	Active
42662	active	Active
42691	active	Active
42692	active	Active
42695	active	Active
42698	active	Active
42709	active	Active
42711	active	Active
42719	active	Active
42726	active	Active
42738	active	Active
42740	active	Active
42741	active	Active
42747	active	Active
42749	active	Active
42752	active	Active
42753	active	Active
42754	active	Active
42755	active	Active
42758	active	Active
42759	active	Active
42760	active	Active
42761	active	Active
42763	active	Active
42765	active	Active
42766	active	Active
42767	active	Active
42768	active	Active
42769	active	Active
42771	active	Active
42772	active	Active
42773	active	Active
42774	active	Active
42775	active	Active
42776	active	Active
42777	active	Active
42778	active	Active
42779	active	Active
42780	active	Active
42781	active	Active
42782	active	Active
42783	active	Active
42784	active	Active
42785	active	Active
42786	active	Active
42787	active	Active
42788	active	Active
42789	active	Active
42790	active	Active
42792	active	Active
42793	active	Active
42794	active	Active
42795	active	Active
42798	active	Active
42801	active	Active
42803	active	Active
42804	active	Active
42805	active	Active
42806	active	Active
42807	active	Active
42808	active	Active
42809	active	Active
42810	active	Active
42811	active	Active
42812	active	Active
42814	active	Active
42815	active	Active
42818	active	Active
42825	active	Active
42826	active	Active
42827	active	Active
42828	active	Active
42829	active	Active
42830	active	Active
42831	active	Active
42832	active	Active
42833	active	Active
42834	active	Active
42835	active	Active
42836	active	Active
42837	active	Active
42838	active	Active
42839	active	Active
42840	active	Active
42841	active	Active
42842	active	Active
42843	active	Active
42844	active	Active
42845	active	Active
42846	active	Active
42847	active	Active
42848	active	Active
42849	active	Active
42850	active	Active
42851	active	Active
42852	active	Active
42853	active	Active
42854	active	Active
42855	active	Active
42856	active	Active
42857	active	Active
42858	active	Active
42859	active	Active
42860	active	Active
42861	active	Active
42862	active	Active
42863	active	Active
42864	active	Active
42865	active	Active
42866	active	Active
42867	active	Active
42868	active	Active
42869	active	Active
42870	active	Active
42871	active	Active
42872	active	Active
42873	active	Active
42874	active	Active
42875	active	Active
42876	active	Active
42877	active	Active
42878	active	Active
42879	active	Active
42880	active	Active
42881	active	Active
42882	active	Active
42883	active	Active
42884	active	Active
42885	active	Active
42886	active	Active
42887	active	Active
42888	active	Active
42889	active	Active
42890	active	Active
42891	active	Active
42892	active	Active
42893	active	Active
42894	active	Active
42895	active	Active
42896	active	Active
42897	active	Active
42901	active	Active
42907	active	Active
42915	active	Active
42917	active	Active
42920	active	Active
42921	active	Active
42934	active	Active
42939	active	Active
42942	active	Active
42945	active	Active
42946	active	Active
42947	active	Active
42950	active	Active
42951	active	Active
42954	active	Active
42955	active	Active
42956	active	Active
42957	active	Active
42958	active	Active
42959	active	Active
42960	active	Active
42961	active	Active
42962	active	Active
42963	active	Active
42964	active	Active
42965	active	Active
42967	active	Active
42969	active	Active
42982	active	Active
42984	active	Active
42986	active	Active
42987	active	Active
42988	active	Active
42989	active	Active
42990	active	Active
42991	active	Active
42992	active	Active
42995	active	Active
42996	active	Active
42997	active	Active
42998	active	Active
43001	active	Active
43002	active	Active
43005	active	Active
43010	active	Active
43011	active	Active
43013	active	Active
43014	active	Active
43015	active	Active
43016	active	Active
43017	active	Active
43020	active	Active
43021	active	Active
43022	active	Active
43023	active	Active
43024	active	Active
43028	active	Active
43029	active	Active
43030	active	Active
43032	active	Active
43034	active	Active
43039	active	Active
43041	active	Active
43042	active	Active
43043	active	Active
43044	active	Active
43045	active	Active
43046	active	Active
43047	active	Active
43048	active	Active
43049	active	Active
43050	active	Active
43051	active	Active
43052	active	Active
43053	active	Active
43054	active	Active
43055	active	Active
43056	active	Active
43057	active	Active
43058	active	Active
43065	active	Active
43070	active	Active
43071	active	Active
43072	active	Active
43073	active	Active
43074	active	Active
43075	active	Active
43076	active	Active
43077	active	Active
43078	active	Active
43079	active	Active
43080	active	Active
43081	active	Active
43082	active	Active
43083	active	Active
43099	active	Active
43100	active	Active
43107	active	Active
43108	active	Active
43111	active	Active
43113	active	Active
43114	active	Active
43115	active	Active
43116	active	Active
43118	active	Active
43119	active	Active
43120	active	Active
43121	active	Active
43122	active	Active
43123	active	Active
43124	active	Active
43125	active	Active
43126	active	Active
43127	active	Active
43128	active	Active
43130	active	Active
43131	active	Active
43132	active	Active
43133	active	Active
43134	active	Active
43135	active	Active
43136	active	Active
43137	active	Active
43139	active	Active
43140	active	Active
43141	active	Active
43142	active	Active
43143	active	Active
43144	active	Active
43146	active	Active
43152	active	Active
43155	active	Active
43156	active	Active
43157	active	Active
43158	active	Active
43159	active	Active
43160	active	Active
43162	active	Active
43165	active	Active
43167	active	Active
43169	active	Active
43170	active	Active
43171	active	Active
43172	active	Active
43174	active	Active
43175	active	Active
43180	active	Active
43181	active	Active
43182	active	Active
43183	active	Active
43184	active	Active
43185	active	Active
43186	active	Active
43187	active	Active
43188	active	Active
43189	active	Active
43192	active	Active
43194	active	Active
43195	active	Active
43196	active	Active
43197	active	Active
43199	active	Active
43204	active	Active
43207	active	Active
43208	active	Active
43215	active	Active
43216	active	Active
43217	active	Active
43226	active	Active
43228	active	Active
43229	active	Active
43231	active	Active
43232	active	Active
43233	active	Active
43234	active	Active
43236	active	Active
43243	active	Active
43245	active	Active
43246	active	Active
43249	active	Active
43250	active	Active
43251	active	Active
43252	active	Active
43253	active	Active
43254	active	Active
43255	active	Active
43256	active	Active
43257	active	Active
43258	active	Active
43259	active	Active
43260	active	Active
43262	active	Active
43271	active	Active
43272	active	Active
43275	active	Active
43276	active	Active
43277	active	Active
43279	active	Active
43286	active	Active
43339	active	Active
43432	active	Active
43437	active	Active
43439	active	Active
43440	active	Active
43441	active	Active
43442	active	Active
43443	active	Active
43445	active	Active
43446	active	Active
43450	active	Active
43461	active	Active
43463	active	Active
43466	active	Active
43467	active	Active
43468	active	Active
43476	active	Active
43477	active	Active
43478	active	Active
43479	active	Active
43480	active	Active
43481	active	Active
43482	active	Active
43484	active	Active
43485	active	Active
43488	active	Active
43491	active	Active
43508	active	Active
43510	active	Active
43518	active	Active
43519	active	Active
43529	active	Active
43530	active	Active
43539	active	Active
43546	active	Active
43547	active	Active
43548	active	Active
43549	active	Active
43550	active	Active
43551	active	Active
43552	active	Active
43553	active	Active
43554	active	Active
43556	active	Active
43557	active	Active
43558	active	Active
43559	active	Active
43560	active	Active
43561	active	Active
43562	active	Active
43564	active	Active
43565	active	Active
43566	active	Active
43567	active	Active
43569	active	Active
43570	active	Active
43571	active	Active
43572	active	Active
43573	active	Active
43574	active	Active
43575	active	Active
43576	active	Active
43577	active	Active
43578	active	Active
43581	active	Active
43582	active	Active
43585	active	Active
43587	active	Active
43589	active	Active
43590	active	Active
43591	active	Active
43595	active	Active
43596	active	Active
43597	active	Active
43598	active	Active
43600	active	Active
43602	active	Active
43603	active	Active
43609	active	Active
43611	active	Active
43613	active	Active
43614	active	Active
43615	active	Active
43616	active	Active
43617	active	Active
43618	active	Active
43619	active	Active
43622	active	Active
43623	active	Active
43632	active	Active
43633	active	Active
43636	active	Active
43638	active	Active
43639	active	Active
43640	active	Active
43641	active	Active
43642	active	Active
43643	active	Active
43647	active	Active
43648	active	Active
43651	active	Active
43655	active	Active
43657	active	Active
43662	active	Active
43666	active	Active
43669	active	Active
43672	active	Active
43676	active	Active
43677	active	Active
43678	active	Active
43679	active	Active
43680	active	Active
43681	active	Active
43683	active	Active
43687	active	Active
43689	active	Active
43690	active	Active
43692	active	Active
43693	active	Active
43694	active	Active
43695	active	Active
43696	active	Active
43697	active	Active
43698	active	Active
43700	active	Active
43706	active	Active
43707	active	Active
43710	active	Active
43711	active	Active
43712	active	Active
43713	active	Active
43714	active	Active
43717	active	Active
43719	active	Active
43720	active	Active
43721	active	Active
43722	active	Active
43723	active	Active
43724	active	Active
43725	active	Active
43726	active	Active
43727	active	Active
43728	active	Active
43729	active	Active
43730	active	Active
43731	active	Active
43732	active	Active
43733	active	Active
43734	active	Active
43735	active	Active
43736	active	Active
43737	active	Active
43738	active	Active
43740	active	Active
43741	active	Active
43742	active	Active
43743	active	Active
43744	active	Active
43745	active	Active
43746	active	Active
43747	active	Active
43748	active	Active
43749	active	Active
43750	active	Active
43751	active	Active
43752	active	Active
43753	active	Active
43758	active	Active
43759	active	Active
43760	active	Active
43761	active	Active
43762	active	Active
43764	active	Active
43765	active	Active
43767	active	Active
43768	active	Active
43769	active	Active
43770	active	Active
43771	active	Active
43772	active	Active
43773	active	Active
43774	active	Active
43775	active	Active
43776	active	Active
43777	active	Active
43778	active	Active
43779	active	Active
43780	active	Active
43782	active	Active
43783	active	Active
43784	active	Active
43785	active	Active
43786	active	Active
43787	active	Active
43788	active	Active
43790	active	Active
43791	active	Active
43792	active	Active
43793	active	Active
43794	active	Active
43795	active	Active
43796	active	Active
43797	active	Active
43798	active	Active
43799	active	Active
43800	active	Active
43801	active	Active
43802	active	Active
43803	active	Active
43804	active	Active
43805	active	Active
43806	active	Active
43807	active	Active
43808	active	Active
43809	active	Active
43810	active	Active
43811	active	Active
43812	active	Active
43813	active	Active
43814	active	Active
43815	active	Active
43816	active	Active
43817	active	Active
43818	active	Active
43819	active	Active
43820	active	Active
43821	active	Active
43823	active	Active
43824	active	Active
43831	active	Active
43832	active	Active
43833	active	Active
43834	active	Active
43835	active	Active
43836	active	Active
43837	active	Active
43838	active	Active
43839	active	Active
43840	active	Active
43841	active	Active
43842	active	Active
43849	active	Active
43850	active	Active
43851	active	Active
43852	active	Active
43853	active	Active
43854	active	Active
43855	active	Active
43856	active	Active
43857	active	Active
43858	active	Active
43859	active	Active
43860	active	Active
43861	active	Active
43864	active	Active
43867	active	Active
43871	active	Active
43873	active	Active
43874	active	Active
43876	active	Active
43877	active	Active
43879	active	Active
43880	active	Active
43881	active	Active
43882	active	Active
43883	active	Active
43884	active	Active
43885	active	Active
43886	active	Active
43887	active	Active
43888	active	Active
43889	active	Active
43890	active	Active
43891	active	Active
43892	active	Active
43893	active	Active
43894	active	Active
43895	active	Active
43896	active	Active
43899	active	Active
43901	active	Active
43902	active	Active
43903	active	Active
43904	active	Active
43905	active	Active
43906	active	Active
43907	active	Active
43908	active	Active
43909	active	Active
43910	active	Active
43911	active	Active
43912	active	Active
43913	active	Active
43914	active	Active
43915	active	Active
43917	active	Active
43920	active	Active
43922	active	Active
43923	active	Active
43924	active	Active
43925	active	Active
43926	active	Active
43927	active	Active
43928	active	Active
43929	active	Active
43930	active	Active
43931	active	Active
43932	active	Active
43933	active	Active
43934	active	Active
43935	active	Active
43936	active	Active
43937	active	Active
43938	active	Active
43940	active	Active
43942	active	Active
43943	active	Active
43944	active	Active
43946	active	Active
44029	active	Active
44030	active	Active
44031	active	Active
44032	active	Active
44033	active	Active
44034	active	Active
44035	active	Active
44041	active	Active
44042	active	Active
44044	active	Active
44045	active	Active
44047	active	Active
44048	active	Active
44057	active	Active
44058	active	Active
44059	active	Active
44060	active	Active
44061	active	Active
44062	active	Active
44065	active	Active
44067	active	Active
44071	active	Active
44072	active	Active
44073	active	Active
44076	active	Active
44078	active	Active
44079	active	Active
44080	active	Active
44081	active	Active
44082	active	Active
44083	active	Active
44084	active	Active
44085	active	Active
44086	active	Active
44087	active	Active
44088	active	Active
44089	active	Active
44090	active	Active
44091	active	Active
44092	active	Active
44093	active	Active
44094	active	Active
44095	active	Active
44096	active	Active
44097	active	Active
44098	active	Active
44099	active	Active
44100	active	Active
44101	active	Active
44102	active	Active
44103	active	Active
44104	active	Active
44105	active	Active
44108	active	Active
44109	active	Active
44112	active	Active
44113	active	Active
44114	active	Active
44115	active	Active
44186	active	Active
44188	active	Active
44204	active	Active
44207	active	Active
44209	active	Active
44225	active	Active
44226	active	Active
44229	active	Active
44231	active	Active
44233	active	Active
44235	active	Active
44236	active	Active
44237	active	Active
44238	active	Active
44239	active	Active
44240	active	Active
44241	active	Active
44242	active	Active
44243	active	Active
44244	active	Active
44245	active	Active
44246	active	Active
44247	active	Active
44248	active	Active
44249	active	Active
44250	active	Active
44251	active	Active
44252	active	Active
44253	active	Active
44254	active	Active
44255	active	Active
44256	active	Active
44257	active	Active
44258	active	Active
44259	active	Active
44260	active	Active
44261	active	Active
44262	active	Active
44263	active	Active
44264	active	Active
44265	active	Active
44266	active	Active
44267	active	Active
44268	active	Active
44269	active	Active
44270	active	Active
44271	active	Active
44272	active	Active
44273	active	Active
44274	active	Active
44275	active	Active
44276	active	Active
44277	active	Active
44278	active	Active
44279	active	Active
44280	active	Active
44281	active	Active
44282	active	Active
44283	active	Active
44284	active	Active
44285	active	Active
44286	active	Active
44287	active	Active
44288	active	Active
44289	active	Active
44290	active	Active
44291	active	Active
44292	active	Active
44293	active	Active
44294	active	Active
44299	active	Active
44307	active	Active
44310	active	Active
44311	active	Active
44312	active	Active
44313	active	Active
44314	active	Active
44315	active	Active
44316	active	Active
44322	active	Active
44323	active	Active
44324	active	Active
44329	active	Active
44330	active	Active
44331	active	Active
44332	active	Active
44333	active	Active
44334	active	Active
44337	active	Active
44339	active	Active
44340	active	Active
44341	active	Active
44342	active	Active
44343	active	Active
44344	active	Active
44346	active	Active
44347	active	Active
44348	active	Active
44349	active	Active
44350	active	Active
44351	active	Active
44352	active	Active
44353	active	Active
44354	active	Active
44355	active	Active
44356	active	Active
44357	active	Active
44358	active	Active
44359	active	Active
44360	active	Active
44361	active	Active
44364	active	Active
44365	active	Active
44366	active	Active
44367	active	Active
44368	active	Active
44369	active	Active
44370	active	Active
44371	active	Active
44374	active	Active
44385	active	Active
44386	active	Active
44387	active	Active
44388	active	Active
44389	active	Active
44390	active	Active
44391	active	Active
44392	active	Active
44393	active	Active
44394	active	Active
44395	active	Active
44396	active	Active
44397	active	Active
44398	active	Active
44399	active	Active
44400	active	Active
44401	active	Active
44402	active	Active
44403	active	Active
44404	active	Active
44405	active	Active
44406	active	Active
44407	active	Active
44408	active	Active
44409	active	Active
44410	active	Active
44411	active	Active
44412	active	Active
44413	active	Active
44414	active	Active
44415	active	Active
44416	active	Active
44417	active	Active
44418	active	Active
44419	active	Active
44420	active	Active
44421	active	Active
44422	active	Active
44423	active	Active
44424	active	Active
44426	active	Active
44427	active	Active
44428	active	Active
44429	active	Active
44430	active	Active
44431	active	Active
44437	active	Active
44449	active	Active
44450	active	Active
44451	active	Active
44453	active	Active
44455	active	Active
44457	active	Active
44475	active	Active
44476	active	Active
44479	active	Active
44481	active	Active
44482	active	Active
44484	active	Active
44485	active	Active
44486	active	Active
44487	active	Active
44488	active	Active
44495	active	Active
44497	active	Active
44498	active	Active
44499	active	Active
44506	active	Active
44516	active	Active
44517	active	Active
44519	active	Active
44520	active	Active
44528	active	Active
44529	active	Active
44530	active	Active
44533	active	Active
44534	active	Active
44536	active	Active
44537	active	Active
44538	active	Active
44539	active	Active
44542	active	Active
44543	active	Active
44546	active	Active
44547	active	Active
44550	active	Active
44552	active	Active
44622	active	Active
44624	active	Active
44625	active	Active
44628	active	Active
44635	active	Active
44637	active	Active
