36287	beidou
36828	beidou
37210	beidou
37256	beidou
37384	beidou
37763	beidou
37948	beidou
38091	beidou
38250	beidou
38251	beidou
38775	beidou
38953	beidou
40549	beidou
40748	beidou
40749	beidou
40938	beidou
41434	beidou
41586	beidou
43001	beidou
43002	beidou
43107	beidou
43108	beidou
43207	beidou
43208	beidou
43245	beidou
43246	beidou
43539	beidou
43581	beidou
43582	beidou
43602	beidou
43603	beidou
43622	beidou
43623	beidou
43647	beidou
43648	beidou
43683	beidou
43706	beidou
43707	beidou
44204	beidou
44231	beidou
44337	beidou
44542	beidou
44543	beidou
