27844	cubesat
27848	cubesat
28895	cubesat
32785	cubesat
32788	cubesat
32789	cubesat
32791	cubesat
35932	cubesat
35933	cubesat
35935	cubesat
36799	cubesat
37855	cubesat
38767	cubesat
38768	cubesat
39090	cubesat
39134	cubesat
39135	cubesat
39136	cubesat
39151	cubesat
39161	cubesat
39268	cubesat
39269	cubesat
39270	cubesat
39417	cubesat
39423	cubesat
39427	cubesat
39430	cubesat
39440	cubesat
39441	cubesat
39444	cubesat
39446	cubesat
39465	cubesat
39466	cubesat
40020	cubesat
40021	cubesat
40024	cubesat
40025	cubesat
40032	cubesat
40037	cubesat
40039	cubesat
40042	cubesat
40043	cubesat
40045	cubesat
40046	cubesat
40074	cubesat
40119	cubesat
40378	cubesat
40379	cubesat
40380	cubesat
40659	cubesat
40660	cubesat
40926	cubesat
40928	cubesat
40936	cubesat
40965	cubesat
40966	cubesat
41168	cubesat
41170	cubesat
41171	cubesat
41340	cubesat
41459	cubesat
41460	cubesat
41463	cubesat
41619	cubesat
41788	cubesat
41849	cubesat
41850	cubesat
41851	cubesat
41852	cubesat
41853	cubesat
41854	cubesat
41855	cubesat
41954	cubesat
41999	cubesat
42000	cubesat
42015	cubesat
42016	cubesat
42017	cubesat
42711	cubesat
42726	cubesat
42765	cubesat
42768	cubesat
42775	cubesat
42776	cubesat
42777	cubesat
42783	cubesat
42784	cubesat
42785	cubesat
42786	cubesat
42787	cubesat
42788	cubesat
42789	cubesat
42790	cubesat
42792	cubesat
42793	cubesat
42794	cubesat
42846	cubesat
42847	cubesat
43015	cubesat
43016	cubesat
43020	cubesat
43021	cubesat
43042	cubesat
43043	cubesat
43044	cubesat
43049	cubesat
43050	cubesat
43052	cubesat
43118	cubesat
43131	cubesat
43139	cubesat
43140	cubesat
43141	cubesat
43142	cubesat
43143	cubesat
43196	cubesat
43197	cubesat
43466	cubesat
43467	cubesat
43468	cubesat
43546	cubesat
43547	cubesat
43548	cubesat
43549	cubesat
43551	cubesat
43552	cubesat
43556	cubesat
43557	cubesat
43589	cubesat
43590	cubesat
43591	cubesat
43595	cubesat
43596	cubesat
43597	cubesat
43614	cubesat
43615	cubesat
43616	cubesat
43617	cubesat
43666	cubesat
43680	cubesat
43690	cubesat
43693	cubesat
43694	cubesat
43696	cubesat
43721	cubesat
43722	cubesat
43738	cubesat
43759	cubesat
43767	cubesat
43780	cubesat
43816	cubesat
43817	cubesat
43818	cubesat
43850	cubesat
43852	cubesat
43907	cubesat
43908	cubesat
43940	cubesat
44029	cubesat
44030	cubesat
44031	cubesat
44032	cubesat
44033	cubesat
44329	cubesat
44330	cubesat
44331	cubesat
44332	cubesat
44370	cubesat
44371	cubesat
44398	cubesat
44400	cubesat
44406	cubesat
44412	cubesat
44419	cubesat
44426	cubesat
44427	cubesat
44428	cubesat
44429	cubesat
44430	cubesat
44431	cubesat
