27844	cubesat	Miscellaneous
27848	cubesat	Miscellaneous
28895	cubesat	Miscellaneous
32785	cubesat	Miscellaneous
32788	cubesat	Miscellaneous
32789	cubesat	Miscellaneous
32791	cubesat	Miscellaneous
35932	cubesat	Miscellaneous
35933	cubesat	Miscellaneous
35935	cubesat	Miscellaneous
36799	cubesat	Miscellaneous
37855	cubesat	Miscellaneous
38767	cubesat	Miscellaneous
38768	cubesat	Miscellaneous
39090	cubesat	Miscellaneous
39134	cubesat	Miscellaneous
39135	cubesat	Miscellaneous
39136	cubesat	Miscellaneous
39151	cubesat	Miscellaneous
39161	cubesat	Miscellaneous
39268	cubesat	Miscellaneous
39269	cubesat	Miscellaneous
39270	cubesat	Miscellaneous
39417	cubesat	Miscellaneous
39423	cubesat	Miscellaneous
39427	cubesat	Miscellaneous
39430	cubesat	Miscellaneous
39440	cubesat	Miscellaneous
39441	cubesat	Miscellaneous
39444	cubesat	Miscellaneous
39446	cubesat	Miscellaneous
39465	cubesat	Miscellaneous
39466	cubesat	Miscellaneous
40020	cubesat	Miscellaneous
40021	cubesat	Miscellaneous
40024	cubesat	Miscellaneous
40025	cubesat	Miscellaneous
40032	cubesat	Miscellaneous
40037	cubesat	Miscellaneous
40039	cubesat	Miscellaneous
40042	cubesat	Miscellaneous
40043	cubesat	Miscellaneous
40045	cubesat	Miscellaneous
40046	cubesat	Miscellaneous
40074	cubesat	Miscellaneous
40119	cubesat	Miscellaneous
40378	cubesat	Miscellaneous
40379	cubesat	Miscellaneous
40380	cubesat	Miscellaneous
40659	cubesat	Miscellaneous
40660	cubesat	Miscellaneous
40926	cubesat	Miscellaneous
40928	cubesat	Miscellaneous
40936	cubesat	Miscellaneous
40965	cubesat	Miscellaneous
40966	cubesat	Miscellaneous
41168	cubesat	Miscellaneous
41170	cubesat	Miscellaneous
41171	cubesat	Miscellaneous
41340	cubesat	Miscellaneous
41459	cubesat	Miscellaneous
41460	cubesat	Miscellaneous
41463	cubesat	Miscellaneous
41619	cubesat	Miscellaneous
41788	cubesat	Miscellaneous
41849	cubesat	Miscellaneous
41850	cubesat	Miscellaneous
41851	cubesat	Miscellaneous
41852	cubesat	Miscellaneous
41853	cubesat	Miscellaneous
41854	cubesat	Miscellaneous
41855	cubesat	Miscellaneous
41954	cubesat	Miscellaneous
41999	cubesat	Miscellaneous
42000	cubesat	Miscellaneous
42015	cubesat	Miscellaneous
42016	cubesat	Miscellaneous
42017	cubesat	Miscellaneous
42711	cubesat	Miscellaneous
42726	cubesat	Miscellaneous
42765	cubesat	Miscellaneous
42768	cubesat	Miscellaneous
42775	cubesat	Miscellaneous
42776	cubesat	Miscellaneous
42777	cubesat	Miscellaneous
42783	cubesat	Miscellaneous
42784	cubesat	Miscellaneous
42785	cubesat	Miscellaneous
42786	cubesat	Miscellaneous
42787	cubesat	Miscellaneous
42788	cubesat	Miscellaneous
42789	cubesat	Miscellaneous
42790	cubesat	Miscellaneous
42792	cubesat	Miscellaneous
42793	cubesat	Miscellaneous
42794	cubesat	Miscellaneous
42846	cubesat	Miscellaneous
42847	cubesat	Miscellaneous
43015	cubesat	Miscellaneous
43016	cubesat	Miscellaneous
43020	cubesat	Miscellaneous
43021	cubesat	Miscellaneous
43042	cubesat	Miscellaneous
43043	cubesat	Miscellaneous
43044	cubesat	Miscellaneous
43049	cubesat	Miscellaneous
43050	cubesat	Miscellaneous
43052	cubesat	Miscellaneous
43118	cubesat	Miscellaneous
43131	cubesat	Miscellaneous
43139	cubesat	Miscellaneous
43140	cubesat	Miscellaneous
43141	cubesat	Miscellaneous
43142	cubesat	Miscellaneous
43143	cubesat	Miscellaneous
43196	cubesat	Miscellaneous
43197	cubesat	Miscellaneous
43466	cubesat	Miscellaneous
43467	cubesat	Miscellaneous
43468	cubesat	Miscellaneous
43546	cubesat	Miscellaneous
43547	cubesat	Miscellaneous
43548	cubesat	Miscellaneous
43549	cubesat	Miscellaneous
43551	cubesat	Miscellaneous
43552	cubesat	Miscellaneous
43556	cubesat	Miscellaneous
43557	cubesat	Miscellaneous
43589	cubesat	Miscellaneous
43590	cubesat	Miscellaneous
43591	cubesat	Miscellaneous
43595	cubesat	Miscellaneous
43596	cubesat	Miscellaneous
43597	cubesat	Miscellaneous
43614	cubesat	Miscellaneous
43615	cubesat	Miscellaneous
43616	cubesat	Miscellaneous
43617	cubesat	Miscellaneous
43666	cubesat	Miscellaneous
43680	cubesat	Miscellaneous
43690	cubesat	Miscellaneous
43693	cubesat	Miscellaneous
43694	cubesat	Miscellaneous
43696	cubesat	Miscellaneous
43721	cubesat	Miscellaneous
43722	cubesat	Miscellaneous
43738	cubesat	Miscellaneous
43759	cubesat	Miscellaneous
43767	cubesat	Miscellaneous
43780	cubesat	Miscellaneous
43816	cubesat	Miscellaneous
43817	cubesat	Miscellaneous
43818	cubesat	Miscellaneous
43850	cubesat	Miscellaneous
43852	cubesat	Miscellaneous
43907	cubesat	Miscellaneous
43908	cubesat	Miscellaneous
43940	cubesat	Miscellaneous
44029	cubesat	Miscellaneous
44030	cubesat	Miscellaneous
44031	cubesat	Miscellaneous
44032	cubesat	Miscellaneous
44033	cubesat	Miscellaneous
44329	cubesat	Miscellaneous
44330	cubesat	Miscellaneous
44331	cubesat	Miscellaneous
44332	cubesat	Miscellaneous
44370	cubesat	Miscellaneous
44371	cubesat	Miscellaneous
44398	cubesat	Miscellaneous
44400	cubesat	Miscellaneous
44406	cubesat	Miscellaneous
44412	cubesat	Miscellaneous
44419	cubesat	Miscellaneous
44426	cubesat	Miscellaneous
44427	cubesat	Miscellaneous
44428	cubesat	Miscellaneous
44429	cubesat	Miscellaneous
44430	cubesat	Miscellaneous
44431	cubesat	Miscellaneous
26102	military	Miscellaneous
30777	military	Miscellaneous
33751	military	Miscellaneous
33752	military	Miscellaneous
39088	military	Miscellaneous
25160	other	Miscellaneous
26034	other	Miscellaneous
43777	other	Miscellaneous
00900	radar	Miscellaneous
00902	radar	Miscellaneous
01361	radar	Miscellaneous
01512	radar	Miscellaneous
01520	radar	Miscellaneous
02826	radar	Miscellaneous
02874	radar	Miscellaneous
02909	radar	Miscellaneous
05398	radar	Miscellaneous
