26958	engineering
26959	engineering
27844	engineering
27848	engineering
29252	engineering
30776	engineering
31789	engineering
35684	engineering
35686	engineering
36037	engineering
37792	engineering
37793	engineering
38710	engineering
39068	engineering
39159	engineering
39380	engineering
39416	engineering
39425	engineering
40014	engineering
40016	engineering
40018	engineering
40019	engineering
40076	engineering
40144	engineering
42829	engineering
42831	engineering
43765	engineering
43794	engineering
43799	engineering
