36287	beidou	Navigation
36828	beidou	Navigation
37210	beidou	Navigation
37256	beidou	Navigation
37384	beidou	Navigation
37763	beidou	Navigation
37948	beidou	Navigation
38091	beidou	Navigation
38250	beidou	Navigation
38251	beidou	Navigation
38775	beidou	Navigation
38953	beidou	Navigation
40549	beidou	Navigation
40748	beidou	Navigation
40749	beidou	Navigation
40938	beidou	Navigation
41434	beidou	Navigation
41586	beidou	Navigation
43001	beidou	Navigation
43002	beidou	Navigation
43107	beidou	Navigation
43108	beidou	Navigation
43207	beidou	Navigation
43208	beidou	Navigation
43245	beidou	Navigation
43246	beidou	Navigation
43539	beidou	Navigation
43581	beidou	Navigation
43582	beidou	Navigation
43602	beidou	Navigation
43603	beidou	Navigation
43622	beidou	Navigation
43623	beidou	Navigation
43647	beidou	Navigation
43648	beidou	Navigation
43683	beidou	Navigation
43706	beidou	Navigation
43707	beidou	Navigation
44204	beidou	Navigation
44231	beidou	Navigation
44337	beidou	Navigation
44542	beidou	Navigation
44543	beidou	Navigation
37846	galileo	Navigation
37847	galileo	Navigation
38857	galileo	Navigation
38858	galileo	Navigation
40128	galileo	Navigation
40129	galileo	Navigation
40544	galileo	Navigation
40545	galileo	Navigation
40889	galileo	Navigation
40890	galileo	Navigation
41174	galileo	Navigation
41175	galileo	Navigation
41549	galileo	Navigation
41550	galileo	Navigation
41859	galileo	Navigation
41860	galileo	Navigation
41861	galileo	Navigation
41862	galileo	Navigation
43055	galileo	Navigation
43056	galileo	Navigation
43057	galileo	Navigation
43058	galileo	Navigation
43564	galileo	Navigation
43565	galileo	Navigation
43566	galileo	Navigation
43567	galileo	Navigation
29671	glo-ops	Navigation
32275	glo-ops	Navigation
32276	glo-ops	Navigation
32393	glo-ops	Navigation
32395	glo-ops	Navigation
36111	glo-ops	Navigation
36112	glo-ops	Navigation
36400	glo-ops	Navigation
36401	glo-ops	Navigation
36402	glo-ops	Navigation
37139	glo-ops	Navigation
37829	glo-ops	Navigation
37867	glo-ops	Navigation
37868	glo-ops	Navigation
37869	glo-ops	Navigation
39155	glo-ops	Navigation
39620	glo-ops	Navigation
40001	glo-ops	Navigation
40315	glo-ops	Navigation
41330	glo-ops	Navigation
41554	glo-ops	Navigation
42939	glo-ops	Navigation
43508	glo-ops	Navigation
43687	glo-ops	Navigation
44299	glo-ops	Navigation
24876	gps-ops	Navigation
25933	gps-ops	Navigation
26360	gps-ops	Navigation
26407	gps-ops	Navigation
26605	gps-ops	Navigation
27663	gps-ops	Navigation
27704	gps-ops	Navigation
28129	gps-ops	Navigation
28190	gps-ops	Navigation
28361	gps-ops	Navigation
28474	gps-ops	Navigation
28874	gps-ops	Navigation
29486	gps-ops	Navigation
29601	gps-ops	Navigation
32260	gps-ops	Navigation
32384	gps-ops	Navigation
32711	gps-ops	Navigation
35752	gps-ops	Navigation
36585	gps-ops	Navigation
37753	gps-ops	Navigation
38833	gps-ops	Navigation
39166	gps-ops	Navigation
39533	gps-ops	Navigation
39741	gps-ops	Navigation
40105	gps-ops	Navigation
40294	gps-ops	Navigation
40534	gps-ops	Navigation
40730	gps-ops	Navigation
41019	gps-ops	Navigation
41328	gps-ops	Navigation
43873	gps-ops	Navigation
25590	musson	Navigation
26818	musson	Navigation
27436	musson	Navigation
27818	musson	Navigation
28380	musson	Navigation
28521	musson	Navigation
32052	musson	Navigation
35635	musson	Navigation
36519	musson	Navigation
02807	nnss	Navigation
02965	nnss	Navigation
03133	nnss	Navigation
04507	nnss	Navigation
06909	nnss	Navigation
10457	nnss	Navigation
12458	nnss	Navigation
15362	nnss	Navigation
15935	nnss	Navigation
15936	nnss	Navigation
17070	nnss	Navigation
18361	nnss	Navigation
18362	nnss	Navigation
19070	nnss	Navigation
19071	nnss	Navigation
19223	nnss	Navigation
19419	nnss	Navigation
19420	nnss	Navigation
28868	sbas	Navigation
28899	sbas	Navigation
28937	sbas	Navigation
37158	sbas	Navigation
37605	sbas	Navigation
37951	sbas	Navigation
38652	sbas	Navigation
38779	sbas	Navigation
38977	sbas	Navigation
39617	sbas	Navigation
39727	sbas	Navigation
41028	sbas	Navigation
41589	sbas	Navigation
42709	sbas	Navigation
42738	sbas	Navigation
