07530	amateur	Communications
14781	amateur	Communications
20442	amateur	Communications
22826	amateur	Communications
23439	amateur	Communications
24278	amateur	Communications
25397	amateur	Communications
25544	amateur	Communications
26931	amateur	Communications
27607	amateur	Communications
27844	amateur	Communications
27848	amateur	Communications
27939	amateur	Communications
28895	amateur	Communications
32785	amateur	Communications
32789	amateur	Communications
32791	amateur	Communications
32953	amateur	Communications
33499	amateur	Communications
35932	amateur	Communications
35933	amateur	Communications
35935	amateur	Communications
36122	amateur	Communications
37839	amateur	Communications
37841	amateur	Communications
37855	amateur	Communications
39090	amateur	Communications
39134	amateur	Communications
39135	amateur	Communications
39136	amateur	Communications
39417	amateur	Communications
39430	amateur	Communications
39440	amateur	Communications
39444	amateur	Communications
39446	amateur	Communications
39770	amateur	Communications
40012	amateur	Communications
40021	amateur	Communications
40025	amateur	Communications
40900	amateur	Communications
40901	amateur	Communications
40902	amateur	Communications
40903	amateur	Communications
40904	amateur	Communications
40905	amateur	Communications
40906	amateur	Communications
40907	amateur	Communications
40908	amateur	Communications
40910	amateur	Communications
40911	amateur	Communications
40912	amateur	Communications
40926	amateur	Communications
40928	amateur	Communications
40931	amateur	Communications
41459	amateur	Communications
41460	amateur	Communications
41557	amateur	Communications
41619	amateur	Communications
41847	amateur	Communications
42017	amateur	Communications
42778	amateur	Communications
43017	amateur	Communications
43137	amateur	Communications
43700	amateur	Communications
43770	amateur	Communications
43786	amateur	Communications
43803	amateur	Communications
44354	amateur	Communications
44355	amateur	Communications
44419	amateur	Communications
19548	geo	Communications
20253	geo	Communications
20776	geo	Communications
21639	geo	Communications
22314	geo	Communications
22787	geo	Communications
22988	geo	Communications
23331	geo	Communications
23467	geo	Communications
23553	geo	Communications
23613	geo	Communications
23628	geo	Communications
23712	geo	Communications
23839	geo	Communications
23842	geo	Communications
23846	geo	Communications
24307	geo	Communications
24315	geo	Communications
24674	geo	Communications
24713	geo	Communications
24732	geo	Communications
24737	geo	Communications
24812	geo	Communications
24916	geo	Communications
24936	geo	Communications
24957	geo	Communications
25019	geo	Communications
25071	geo	Communications
25153	geo	Communications
25258	geo	Communications
25371	geo	Communications
25462	geo	Communications
25630	geo	Communications
25639	geo	Communications
25657	geo	Communications
25740	geo	Communications
25785	geo	Communications
25894	geo	Communications
25924	geo	Communications
25949	geo	Communications
25954	geo	Communications
25967	geo	Communications
26038	geo	Communications
26052	geo	Communications
26107	geo	Communications
26356	geo	Communications
26369	geo	Communications
26388	geo	Communications
26451	geo	Communications
26469	geo	Communications
26494	geo	Communications
26495	geo	Communications
26554	geo	Communications
26575	geo	Communications
26580	geo	Communications
26590	geo	Communications
26608	geo	Communications
26624	geo	Communications
26638	geo	Communications
26639	geo	Communications
26695	geo	Communications
26715	geo	Communications
26719	geo	Communications
26766	geo	Communications
26824	geo	Communications
26853	geo	Communications
26880	geo	Communications
26900	geo	Communications
26927	geo	Communications
26985	geo	Communications
27168	geo	Communications
27378	geo	Communications
27380	geo	Communications
27389	geo	Communications
27399	geo	Communications
27400	geo	Communications
27403	geo	Communications
27414	geo	Communications
27426	geo	Communications
27438	geo	Communications
27441	geo	Communications
27445	geo	Communications
27460	geo	Communications
27461	geo	Communications
27509	geo	Communications
27513	geo	Communications
27528	geo	Communications
27566	geo	Communications
27603	geo	Communications
27632	geo	Communications
27683	geo	Communications
27691	geo	Communications
27711	geo	Communications
27715	geo	Communications
27718	geo	Communications
27811	geo	Communications
27825	geo	Communications
27831	geo	Communications
27852	geo	Communications
27854	geo	Communications
27875	geo	Communications
27954	geo	Communications
28089	geo	Communications
28117	geo	Communications
28158	geo	Communications
28184	geo	Communications
28187	geo	Communications
28238	geo	Communications
28252	geo	Communications
28358	geo	Communications
28378	geo	Communications
28446	geo	Communications
28472	geo	Communications
28526	geo	Communications
28542	geo	Communications
28626	geo	Communications
28628	geo	Communications
28638	geo	Communications
28644	geo	Communications
28659	geo	Communications
28702	geo	Communications
28707	geo	Communications
28786	geo	Communications
28790	geo	Communications
28868	geo	Communications
28884	geo	Communications
28885	geo	Communications
28899	geo	Communications
28902	geo	Communications
28903	geo	Communications
28911	geo	Communications
28912	geo	Communications
28924	geo	Communications
28935	geo	Communications
28937	geo	Communications
28945	geo	Communications
28946	geo	Communications
29045	geo	Communications
29055	geo	Communications
29155	geo	Communications
29162	geo	Communications
29163	geo	Communications
29236	geo	Communications
29270	geo	Communications
29272	geo	Communications
29273	geo	Communications
29349	geo	Communications
29494	geo	Communications
29495	geo	Communications
29520	geo	Communications
29526	geo	Communications
29643	geo	Communications
29644	geo	Communications
29648	geo	Communications
30793	geo	Communications
30794	geo	Communications
31102	geo	Communications
31306	geo	Communications
31307	geo	Communications
31800	geo	Communications
31862	geo	Communications
32018	geo	Communications
32019	geo	Communications
32050	geo	Communications
32252	geo	Communications
32253	geo	Communications
32258	geo	Communications
32293	geo	Communications
32294	geo	Communications
32299	geo	Communications
32388	geo	Communications
32404	geo	Communications
32478	geo	Communications
32487	geo	Communications
32708	geo	Communications
32729	geo	Communications
32763	geo	Communications
32767	geo	Communications
32768	geo	Communications
32779	geo	Communications
32794	geo	Communications
32951	geo	Communications
33051	geo	Communications
33055	geo	Communications
33056	geo	Communications
33153	geo	Communications
33154	geo	Communications
33207	geo	Communications
33274	geo	Communications
33275	geo	Communications
33278	geo	Communications
33373	geo	Communications
33376	geo	Communications
33414	geo	Communications
33436	geo	Communications
33453	geo	Communications
33459	geo	Communications
33460	geo	Communications
33463	geo	Communications
33595	geo	Communications
33749	geo	Communications
33750	geo	Communications
34111	geo	Communications
34710	geo	Communications
34713	geo	Communications
34941	geo	Communications
35362	geo	Communications
35491	geo	Communications
35493	geo	Communications
35496	geo	Communications
35696	geo	Communications
35755	geo	Communications
35756	geo	Communications
35812	geo	Communications
35873	geo	Communications
35942	geo	Communications
35943	geo	Communications
36032	geo	Communications
36033	geo	Communications
36097	geo	Communications
36101	geo	Communications
36106	geo	Communications
36108	geo	Communications
36131	geo	Communications
36287	geo	Communications
36358	geo	Communications
36395	geo	Communications
36397	geo	Communications
36411	geo	Communications
36499	geo	Communications
36516	geo	Communications
36581	geo	Communications
36582	geo	Communications
36592	geo	Communications
36744	geo	Communications
36745	geo	Communications
36792	geo	Communications
36830	geo	Communications
36831	geo	Communications
36868	geo	Communications
37150	geo	Communications
37158	geo	Communications
37185	geo	Communications
37207	geo	Communications
37210	geo	Communications
37218	geo	Communications
37234	geo	Communications
37237	geo	Communications
37238	geo	Communications
37258	geo	Communications
37264	geo	Communications
37265	geo	Communications
37384	geo	Communications
37392	geo	Communications
37393	geo	Communications
37481	geo	Communications
37602	geo	Communications
37605	geo	Communications
37606	geo	Communications
37677	geo	Communications
37737	geo	Communications
37746	geo	Communications
37748	geo	Communications
37749	geo	Communications
37763	geo	Communications
37775	geo	Communications
37776	geo	Communications
37779	geo	Communications
37804	geo	Communications
37806	geo	Communications
37809	geo	Communications
37810	geo	Communications
37816	geo	Communications
37826	geo	Communications
37834	geo	Communications
37836	geo	Communications
37843	geo	Communications
37933	geo	Communications
37948	geo	Communications
37951	geo	Communications
38014	geo	Communications
38049	geo	Communications
38070	geo	Communications
38087	geo	Communications
38091	geo	Communications
38093	geo	Communications
38098	geo	Communications
38107	geo	Communications
38245	geo	Communications
38254	geo	Communications
38331	geo	Communications
38332	geo	Communications
38342	geo	Communications
38352	geo	Communications
38356	geo	Communications
38551	geo	Communications
38552	geo	Communications
38652	geo	Communications
38730	geo	Communications
38740	geo	Communications
38741	geo	Communications
38749	geo	Communications
38778	geo	Communications
38779	geo	Communications
38867	geo	Communications
38953	geo	Communications
38977	geo	Communications
38978	geo	Communications
38991	geo	Communications
38992	geo	Communications
39008	geo	Communications
39017	geo	Communications
39020	geo	Communications
39022	geo	Communications
39034	geo	Communications
39035	geo	Communications
39070	geo	Communications
39078	geo	Communications
39079	geo	Communications
39120	geo	Communications
39122	geo	Communications
39127	geo	Communications
39157	geo	Communications
39163	geo	Communications
39168	geo	Communications
39172	geo	Communications
39199	geo	Communications
39206	geo	Communications
39215	geo	Communications
39216	geo	Communications
39222	geo	Communications
39233	geo	Communications
39234	geo	Communications
39237	geo	Communications
39256	geo	Communications
39285	geo	Communications
39360	geo	Communications
39375	geo	Communications
39460	geo	Communications
39476	geo	Communications
39481	geo	Communications
39487	geo	Communications
39498	geo	Communications
39500	geo	Communications
39504	geo	Communications
39508	geo	Communications
39509	geo	Communications
39522	geo	Communications
39612	geo	Communications
39613	geo	Communications
39616	geo	Communications
39617	geo	Communications
39635	geo	Communications
39727	geo	Communications
39728	geo	Communications
39773	geo	Communications
40107	geo	Communications
40141	geo	Communications
40146	geo	Communications
40147	geo	Communications
40258	geo	Communications
40267	geo	Communications
40269	geo	Communications
40271	geo	Communications
40272	geo	Communications
40277	geo	Communications
40332	geo	Communications
40333	geo	Communications
40345	geo	Communications
40364	geo	Communications
40367	geo	Communications
40374	geo	Communications
40384	geo	Communications
40424	geo	Communications
40425	geo	Communications
40505	geo	Communications
40547	geo	Communications
40549	geo	Communications
40613	geo	Communications
40617	geo	Communications
40663	geo	Communications
40664	geo	Communications
40732	geo	Communications
40733	geo	Communications
40746	geo	Communications
40874	geo	Communications
40875	geo	Communications
40880	geo	Communications
40882	geo	Communications
40887	geo	Communications
40892	geo	Communications
40895	geo	Communications
40938	geo	Communications
40940	geo	Communications
40941	geo	Communications
40946	geo	Communications
40982	geo	Communications
40984	geo	Communications
41021	geo	Communications
41028	geo	Communications
41029	geo	Communications
41034	geo	Communications
41036	geo	Communications
41103	geo	Communications
41105	geo	Communications
41121	geo	Communications
41191	geo	Communications
41194	geo	Communications
41238	geo	Communications
41241	geo	Communications
41310	geo	Communications
41380	geo	Communications
41382	geo	Communications
41384	geo	Communications
41434	geo	Communications
41469	geo	Communications
41471	geo	Communications
41552	geo	Communications
41581	geo	Communications
41586	geo	Communications
41588	geo	Communications
41589	geo	Communications
41591	geo	Communications
41592	geo	Communications
41622	geo	Communications
41725	geo	Communications
41729	geo	Communications
41747	geo	Communications
41748	geo	Communications
41752	geo	Communications
41793	geo	Communications
41794	geo	Communications
41836	geo	Communications
41838	geo	Communications
41866	geo	Communications
41869	geo	Communications
41879	geo	Communications
41882	geo	Communications
41893	geo	Communications
41903	geo	Communications
41904	geo	Communications
41911	geo	Communications
41937	geo	Communications
41942	geo	Communications
41944	geo	Communications
41945	geo	Communications
42070	geo	Communications
42075	geo	Communications
42432	geo	Communications
42662	geo	Communications
42691	geo	Communications
42692	geo	Communications
42695	geo	Communications
42698	geo	Communications
42709	geo	Communications
42738	geo	Communications
42740	geo	Communications
42741	geo	Communications
42747	geo	Communications
42749	geo	Communications
42763	geo	Communications
42801	geo	Communications
42814	geo	Communications
42815	geo	Communications
42818	geo	Communications
42907	geo	Communications
42915	geo	Communications
42917	geo	Communications
42934	geo	Communications
42942	geo	Communications
42950	geo	Communications
42951	geo	Communications
42965	geo	Communications
42967	geo	Communications
42984	geo	Communications
43039	geo	Communications
43162	geo	Communications
43174	geo	Communications
43175	geo	Communications
43226	geo	Communications
43228	geo	Communications
43271	geo	Communications
43272	geo	Communications
43286	geo	Communications
43432	geo	Communications
43450	geo	Communications
43463	geo	Communications
43488	geo	Communications
43491	geo	Communications
43539	geo	Communications
43562	geo	Communications
43587	geo	Communications
43611	geo	Communications
43632	geo	Communications
43633	geo	Communications
43651	geo	Communications
43683	geo	Communications
43698	geo	Communications
43700	geo	Communications
43823	geo	Communications
43824	geo	Communications
43864	geo	Communications
43867	geo	Communications
43874	geo	Communications
43917	geo	Communications
43920	geo	Communications
44035	geo	Communications
44048	geo	Communications
44071	geo	Communications
44186	geo	Communications
44204	geo	Communications
44307	geo	Communications
44333	geo	Communications
44476	geo	Communications
44479	geo	Communications
25162	globalstar	Communications
25163	globalstar	Communications
25164	globalstar	Communications
25165	globalstar	Communications
25306	globalstar	Communications
25307	globalstar	Communications
25308	globalstar	Communications
25309	globalstar	Communications
25621	globalstar	Communications
25622	globalstar	Communications
25623	globalstar	Communications
25624	globalstar	Communications
25649	globalstar	Communications
25650	globalstar	Communications
25651	globalstar	Communications
25652	globalstar	Communications
25676	globalstar	Communications
25677	globalstar	Communications
25678	globalstar	Communications
25679	globalstar	Communications
25770	globalstar	Communications
25771	globalstar	Communications
25772	globalstar	Communications
25773	globalstar	Communications
25851	globalstar	Communications
25852	globalstar	Communications
25853	globalstar	Communications
25854	globalstar	Communications
25872	globalstar	Communications
25873	globalstar	Communications
25874	globalstar	Communications
25875	globalstar	Communications
25883	globalstar	Communications
25884	globalstar	Communications
25885	globalstar	Communications
25886	globalstar	Communications
25907	globalstar	Communications
25908	globalstar	Communications
25909	globalstar	Communications
25910	globalstar	Communications
25943	globalstar	Communications
25944	globalstar	Communications
25945	globalstar	Communications
25946	globalstar	Communications
25961	globalstar	Communications
25962	globalstar	Communications
25963	globalstar	Communications
25964	globalstar	Communications
26081	globalstar	Communications
26082	globalstar	Communications
26083	globalstar	Communications
26084	globalstar	Communications
31571	globalstar	Communications
31573	globalstar	Communications
31574	globalstar	Communications
31576	globalstar	Communications
32263	globalstar	Communications
32264	globalstar	Communications
32265	globalstar	Communications
32266	globalstar	Communications
37188	globalstar	Communications
37189	globalstar	Communications
37190	globalstar	Communications
37191	globalstar	Communications
37192	globalstar	Communications
37193	globalstar	Communications
37739	globalstar	Communications
37740	globalstar	Communications
37741	globalstar	Communications
37742	globalstar	Communications
37743	globalstar	Communications
37744	globalstar	Communications
38040	globalstar	Communications
38041	globalstar	Communications
38042	globalstar	Communications
38043	globalstar	Communications
38044	globalstar	Communications
38045	globalstar	Communications
39072	globalstar	Communications
39073	globalstar	Communications
39074	globalstar	Communications
39075	globalstar	Communications
39076	globalstar	Communications
39077	globalstar	Communications
11158	gorizont	Communications
11440	gorizont	Communications
11648	gorizont	Communications
11841	gorizont	Communications
13092	gorizont	Communications
13624	gorizont	Communications
14160	gorizont	Communications
14532	gorizont	Communications
14940	gorizont	Communications
15144	gorizont	Communications
15484	gorizont	Communications
16769	gorizont	Communications
17083	gorizont	Communications
17969	gorizont	Communications
19017	gorizont	Communications
19397	gorizont	Communications
19765	gorizont	Communications
20107	gorizont	Communications
20263	gorizont	Communications
20659	gorizont	Communications
20923	gorizont	Communications
20953	gorizont	Communications
21533	gorizont	Communications
21759	gorizont	Communications
21922	gorizont	Communications
22041	gorizont	Communications
22245	gorizont	Communications
22880	gorizont	Communications
22907	gorizont	Communications
23108	gorizont	Communications
23775	gorizont	Communications
23880	gorizont	Communications
26372	gorizont	Communications
24732	intelsat	Communications
24812	intelsat	Communications
24916	intelsat	Communications
25371	intelsat	Communications
26038	intelsat	Communications
26451	intelsat	Communications
26590	intelsat	Communications
26608	intelsat	Communications
26766	intelsat	Communications
26824	intelsat	Communications
26900	intelsat	Communications
26985	intelsat	Communications
27380	intelsat	Communications
27403	intelsat	Communications
27426	intelsat	Communications
27438	intelsat	Communications
27445	intelsat	Communications
27513	intelsat	Communications
27683	intelsat	Communications
27715	intelsat	Communications
27854	intelsat	Communications
27954	intelsat	Communications
28238	intelsat	Communications
28358	intelsat	Communications
28626	intelsat	Communications
28644	intelsat	Communications
28659	intelsat	Communications
28702	intelsat	Communications
28790	intelsat	Communications
28884	intelsat	Communications
28903	intelsat	Communications
29236	intelsat	Communications
29494	intelsat	Communications
29520	intelsat	Communications
31307	intelsat	Communications
31862	intelsat	Communications
32018	intelsat	Communications
32253	intelsat	Communications
32388	intelsat	Communications
32729	intelsat	Communications
32951	intelsat	Communications
33153	intelsat	Communications
33376	intelsat	Communications
35493	intelsat	Communications
36097	intelsat	Communications
36106	intelsat	Communications
36131	intelsat	Communications
36397	intelsat	Communications
37185	intelsat	Communications
37238	intelsat	Communications
37392	intelsat	Communications
37834	intelsat	Communications
38098	intelsat	Communications
38356	intelsat	Communications
38740	intelsat	Communications
38749	intelsat	Communications
38867	intelsat	Communications
39360	intelsat	Communications
40271	intelsat	Communications
40874	intelsat	Communications
41581	intelsat	Communications
41747	intelsat	Communications
41748	intelsat	Communications
41945	intelsat	Communications
42818	intelsat	Communications
42950	intelsat	Communications
43632	intelsat	Communications
43633	intelsat	Communications
44476	intelsat	Communications
24793	iridium	Communications
24795	iridium	Communications
24796	iridium	Communications
24836	iridium	Communications
24841	iridium	Communications
24842	iridium	Communications
24870	iridium	Communications
24871	iridium	Communications
24873	iridium	Communications
24903	iridium	Communications
24907	iridium	Communications
24925	iridium	Communications
24926	iridium	Communications
24944	iridium	Communications
24946	iridium	Communications
24948	iridium	Communications
24967	iridium	Communications
25042	iridium	Communications
25043	iridium	Communications
25077	iridium	Communications
25078	iridium	Communications
25104	iridium	Communications
25105	iridium	Communications
25262	iridium	Communications
25273	iridium	Communications
25286	iridium	Communications
25319	iridium	Communications
25320	iridium	Communications
25344	iridium	Communications
25467	iridium	Communications
25527	iridium	Communications
27376	iridium	Communications
27450	iridium	Communications
41917	iridium-NEXT	Communications
41918	iridium-NEXT	Communications
41919	iridium-NEXT	Communications
41920	iridium-NEXT	Communications
41921	iridium-NEXT	Communications
41922	iridium-NEXT	Communications
41923	iridium-NEXT	Communications
41924	iridium-NEXT	Communications
41925	iridium-NEXT	Communications
41926	iridium-NEXT	Communications
42803	iridium-NEXT	Communications
42804	iridium-NEXT	Communications
42805	iridium-NEXT	Communications
42806	iridium-NEXT	Communications
42807	iridium-NEXT	Communications
42808	iridium-NEXT	Communications
42809	iridium-NEXT	Communications
42810	iridium-NEXT	Communications
42811	iridium-NEXT	Communications
42812	iridium-NEXT	Communications
42955	iridium-NEXT	Communications
42956	iridium-NEXT	Communications
42957	iridium-NEXT	Communications
42958	iridium-NEXT	Communications
42959	iridium-NEXT	Communications
42960	iridium-NEXT	Communications
42961	iridium-NEXT	Communications
42962	iridium-NEXT	Communications
42963	iridium-NEXT	Communications
42964	iridium-NEXT	Communications
43070	iridium-NEXT	Communications
43071	iridium-NEXT	Communications
43072	iridium-NEXT	Communications
43073	iridium-NEXT	Communications
43074	iridium-NEXT	Communications
43075	iridium-NEXT	Communications
43076	iridium-NEXT	Communications
43077	iridium-NEXT	Communications
43078	iridium-NEXT	Communications
43079	iridium-NEXT	Communications
43249	iridium-NEXT	Communications
43250	iridium-NEXT	Communications
43251	iridium-NEXT	Communications
43252	iridium-NEXT	Communications
43253	iridium-NEXT	Communications
43254	iridium-NEXT	Communications
43255	iridium-NEXT	Communications
43256	iridium-NEXT	Communications
43257	iridium-NEXT	Communications
43258	iridium-NEXT	Communications
43478	iridium-NEXT	Communications
43479	iridium-NEXT	Communications
43480	iridium-NEXT	Communications
43481	iridium-NEXT	Communications
43482	iridium-NEXT	Communications
43569	iridium-NEXT	Communications
43570	iridium-NEXT	Communications
43571	iridium-NEXT	Communications
43572	iridium-NEXT	Communications
43573	iridium-NEXT	Communications
43574	iridium-NEXT	Communications
43575	iridium-NEXT	Communications
43576	iridium-NEXT	Communications
43577	iridium-NEXT	Communications
43578	iridium-NEXT	Communications
43922	iridium-NEXT	Communications
43923	iridium-NEXT	Communications
43924	iridium-NEXT	Communications
43925	iridium-NEXT	Communications
43926	iridium-NEXT	Communications
43927	iridium-NEXT	Communications
43928	iridium-NEXT	Communications
43929	iridium-NEXT	Communications
43930	iridium-NEXT	Communications
43931	iridium-NEXT	Communications
07276	molniya	Communications
07376	molniya	Communications
07392	molniya	Communications
07780	molniya	Communications
08195	molniya	Communications
08601	molniya	Communications
09829	molniya	Communications
09880	molniya	Communications
10455	molniya	Communications
10925	molniya	Communications
11057	molniya	Communications
11896	molniya	Communications
12156	molniya	Communications
13012	molniya	Communications
13070	molniya	Communications
13875	molniya	Communications
13890	molniya	Communications
15214	molniya	Communications
15429	molniya	Communications
15738	molniya	Communications
16393	molniya	Communications
17078	molniya	Communications
17328	molniya	Communications
18946	molniya	Communications
19807	molniya	Communications
21118	molniya	Communications
21196	molniya	Communications
21426	molniya	Communications
21706	molniya	Communications
22178	molniya	Communications
22671	molniya	Communications
22949	molniya	Communications
23420	molniya	Communications
23642	molniya	Communications
24960	molniya	Communications
25485	molniya	Communications
25847	molniya	Communications
21576	orbcomm	Communications
23545	orbcomm	Communications
23546	orbcomm	Communications
25112	orbcomm	Communications
25113	orbcomm	Communications
25114	orbcomm	Communications
25115	orbcomm	Communications
25116	orbcomm	Communications
25117	orbcomm	Communications
25118	orbcomm	Communications
25119	orbcomm	Communications
25158	orbcomm	Communications
25159	orbcomm	Communications
25413	orbcomm	Communications
25414	orbcomm	Communications
25415	orbcomm	Communications
25416	orbcomm	Communications
25417	orbcomm	Communications
25418	orbcomm	Communications
25419	orbcomm	Communications
25420	orbcomm	Communications
25475	orbcomm	Communications
25476	orbcomm	Communications
25477	orbcomm	Communications
25478	orbcomm	Communications
25479	orbcomm	Communications
25480	orbcomm	Communications
25481	orbcomm	Communications
25482	orbcomm	Communications
25980	orbcomm	Communications
25981	orbcomm	Communications
25982	orbcomm	Communications
25983	orbcomm	Communications
25984	orbcomm	Communications
25985	orbcomm	Communications
25986	orbcomm	Communications
33060	orbcomm	Communications
33061	orbcomm	Communications
33062	orbcomm	Communications
33063	orbcomm	Communications
33064	orbcomm	Communications
33065	orbcomm	Communications
40086	orbcomm	Communications
40087	orbcomm	Communications
40088	orbcomm	Communications
40089	orbcomm	Communications
40090	orbcomm	Communications
40091	orbcomm	Communications
41179	orbcomm	Communications
41180	orbcomm	Communications
41181	orbcomm	Communications
41182	orbcomm	Communications
41183	orbcomm	Communications
41184	orbcomm	Communications
41185	orbcomm	Communications
41186	orbcomm	Communications
41187	orbcomm	Communications
41188	orbcomm	Communications
41189	orbcomm	Communications
39188	other-comm	Communications
39189	other-comm	Communications
39190	other-comm	Communications
39191	other-comm	Communications
40079	other-comm	Communications
40080	other-comm	Communications
40081	other-comm	Communications
40082	other-comm	Communications
40348	other-comm	Communications
40349	other-comm	Communications
40350	other-comm	Communications
40351	other-comm	Communications
42783	other-comm	Communications
42785	other-comm	Communications
42786	other-comm	Communications
43113	other-comm	Communications
43216	other-comm	Communications
43217	other-comm	Communications
43231	other-comm	Communications
43232	other-comm	Communications
43233	other-comm	Communications
43234	other-comm	Communications
44112	other-comm	Communications
44113	other-comm	Communications
44114	other-comm	Communications
44115	other-comm	Communications
08513	raduga	Communications
09416	raduga	Communications
10159	raduga	Communications
10987	raduga	Communications
11343	raduga	Communications
11708	raduga	Communications
12003	raduga	Communications
12351	raduga	Communications
12618	raduga	Communications
12897	raduga	Communications
13669	raduga	Communications
13974	raduga	Communications
14307	raduga	Communications
14725	raduga	Communications
15057	raduga	Communications
15946	raduga	Communications
16250	raduga	Communications
16497	raduga	Communications
17046	raduga	Communications
17611	raduga	Communications
18631	raduga	Communications
19596	raduga	Communications
19928	raduga	Communications
20083	raduga	Communications
20367	raduga	Communications
20499	raduga	Communications
21016	raduga	Communications
21038	raduga	Communications
21132	raduga	Communications
21821	raduga	Communications
22557	raduga	Communications
22836	raduga	Communications
22981	raduga	Communications
23010	raduga	Communications
23448	raduga	Communications
25642	raduga	Communications
26477	raduga	Communications
26936	raduga	Communications
28194	raduga	Communications
32373	raduga	Communications
34264	raduga	Communications
36358	raduga	Communications
39375	raduga	Communications
00965	satnogs	Communications
07530	satnogs	Communications
14781	satnogs	Communications
15427	satnogs	Communications
20442	satnogs	Communications
22826	satnogs	Communications
23439	satnogs	Communications
24278	satnogs	Communications
25338	satnogs	Communications
25397	satnogs	Communications
25544	satnogs	Communications
25635	satnogs	Communications
26931	satnogs	Communications
27607	satnogs	Communications
27844	satnogs	Communications
27848	satnogs	Communications
27939	satnogs	Communications
28628	satnogs	Communications
28654	satnogs	Communications
28895	satnogs	Communications
29499	satnogs	Communications
29710	satnogs	Communications
30776	satnogs	Communications
31130	satnogs	Communications
32783	satnogs	Communications
32785	satnogs	Communications
32787	satnogs	Communications
32788	satnogs	Communications
32789	satnogs	Communications
32791	satnogs	Communications
32953	satnogs	Communications
32958	satnogs	Communications
33493	satnogs	Communications
33498	satnogs	Communications
33499	satnogs	Communications
33591	satnogs	Communications
35932	satnogs	Communications
35933	satnogs	Communications
35935	satnogs	Communications
36122	satnogs	Communications
36795	satnogs	Communications
36799	satnogs	Communications
37214	satnogs	Communications
37839	satnogs	Communications
37841	satnogs	Communications
37855	satnogs	Communications
38078	satnogs	Communications
38340	satnogs	Communications
38771	satnogs	Communications
39086	satnogs	Communications
39087	satnogs	Communications
39090	satnogs	Communications
39091	satnogs	Communications
39092	satnogs	Communications
39134	satnogs	Communications
39135	satnogs	Communications
39136	satnogs	Communications
39151	satnogs	Communications
39153	satnogs	Communications
39161	satnogs	Communications
39260	satnogs	Communications
39265	satnogs	Communications
39417	satnogs	Communications
39426	satnogs	Communications
39427	satnogs	Communications
39428	satnogs	Communications
39430	satnogs	Communications
39431	satnogs	Communications
39432	satnogs	Communications
39433	satnogs	Communications
39438	satnogs	Communications
39439	satnogs	Communications
39440	satnogs	Communications
39441	satnogs	Communications
39444	satnogs	Communications
39445	satnogs	Communications
39446	satnogs	Communications
39492	satnogs	Communications
39770	satnogs	Communications
40012	satnogs	Communications
40014	satnogs	Communications
40021	satnogs	Communications
40024	satnogs	Communications
40025	satnogs	Communications
40030	satnogs	Communications
40032	satnogs	Communications
40042	satnogs	Communications
40043	satnogs	Communications
40054	satnogs	Communications
40055	satnogs	Communications
40056	satnogs	Communications
40057	satnogs	Communications
40069	satnogs	Communications
40071	satnogs	Communications
40074	satnogs	Communications
40377	satnogs	Communications
40378	satnogs	Communications
40379	satnogs	Communications
40380	satnogs	Communications
40719	satnogs	Communications
40900	satnogs	Communications
40903	satnogs	Communications
40906	satnogs	Communications
40907	satnogs	Communications
40908	satnogs	Communications
40909	satnogs	Communications
40910	satnogs	Communications
40911	satnogs	Communications
40912	satnogs	Communications
40926	satnogs	Communications
40927	satnogs	Communications
40928	satnogs	Communications
40931	satnogs	Communications
40958	satnogs	Communications
41168	satnogs	Communications
41170	satnogs	Communications
41171	satnogs	Communications
41338	satnogs	Communications
41339	satnogs	Communications
41340	satnogs	Communications
41458	satnogs	Communications
41459	satnogs	Communications
41460	satnogs	Communications
41465	satnogs	Communications
41466	satnogs	Communications
41557	satnogs	Communications
41558	satnogs	Communications
41599	satnogs	Communications
41600	satnogs	Communications
41603	satnogs	Communications
41604	satnogs	Communications
41607	satnogs	Communications
41619	satnogs	Communications
41732	satnogs	Communications
41783	satnogs	Communications
41789	satnogs	Communications
41845	satnogs	Communications
41948	satnogs	Communications
42017	satnogs	Communications
42726	satnogs	Communications
42759	satnogs	Communications
42761	satnogs	Communications
42765	satnogs	Communications
42766	satnogs	Communications
42767	satnogs	Communications
42768	satnogs	Communications
42775	satnogs	Communications
42776	satnogs	Communications
42777	satnogs	Communications
42778	satnogs	Communications
42784	satnogs	Communications
42787	satnogs	Communications
42788	satnogs	Communications
42789	satnogs	Communications
42790	satnogs	Communications
42792	satnogs	Communications
42794	satnogs	Communications
42828	satnogs	Communications
42829	satnogs	Communications
42830	satnogs	Communications
42831	satnogs	Communications
42846	satnogs	Communications
42847	satnogs	Communications
42983	satnogs	Communications
43012	satnogs	Communications
43017	satnogs	Communications
43018	satnogs	Communications
43019	satnogs	Communications
43116	satnogs	Communications
43119	satnogs	Communications
43120	satnogs	Communications
43121	satnogs	Communications
43122	satnogs	Communications
43131	satnogs	Communications
43132	satnogs	Communications
43134	satnogs	Communications
43137	satnogs	Communications
43138	satnogs	Communications
43155	satnogs	Communications
43156	satnogs	Communications
43158	satnogs	Communications
43186	satnogs	Communications
43187	satnogs	Communications
43188	satnogs	Communications
43189	satnogs	Communications
43192	satnogs	Communications
43199	satnogs	Communications
43466	satnogs	Communications
43467	satnogs	Communications
43468	satnogs	Communications
43551	satnogs	Communications
43552	satnogs	Communications
43589	satnogs	Communications
43590	satnogs	Communications
43591	satnogs	Communications
43595	satnogs	Communications
43596	satnogs	Communications
43597	satnogs	Communications
43598	satnogs	Communications
43614	satnogs	Communications
43615	satnogs	Communications
43616	satnogs	Communications
43617	satnogs	Communications
43640	satnogs	Communications
43666	satnogs	Communications
43669	satnogs	Communications
43677	satnogs	Communications
43678	satnogs	Communications
43679	satnogs	Communications
43693	satnogs	Communications
43700	satnogs	Communications
43721	satnogs	Communications
43722	satnogs	Communications
43738	satnogs	Communications
43743	satnogs	Communications
43768	satnogs	Communications
43770	satnogs	Communications
43772	satnogs	Communications
43773	satnogs	Communications
43780	satnogs	Communications
43782	satnogs	Communications
43784	satnogs	Communications
43786	satnogs	Communications
43787	satnogs	Communications
43790	satnogs	Communications
43792	satnogs	Communications
43793	satnogs	Communications
43798	satnogs	Communications
43803	satnogs	Communications
43804	satnogs	Communications
43805	satnogs	Communications
43814	satnogs	Communications
43855	satnogs	Communications
43880	satnogs	Communications
23331	ses	Communications
23842	ses	Communications
24315	ses	Communications
24713	ses	Communications
24936	ses	Communications
24957	ses	Communications
25071	ses	Communications
25462	ses	Communications
25785	ses	Communications
25954	ses	Communications
26494	ses	Communications
26495	ses	Communications
26554	ses	Communications
26580	ses	Communications
26638	ses	Communications
26639	ses	Communications
26853	ses	Communications
27400	ses	Communications
27414	ses	Communications
27603	ses	Communications
28252	ses	Communications
28446	ses	Communications
28472	ses	Communications
28526	ses	Communications
29055	ses	Communications
29644	ses	Communications
31306	ses	Communications
32299	ses	Communications
33275	ses	Communications
33436	ses	Communications
33453	ses	Communications
33749	ses	Communications
34941	ses	Communications
36032	ses	Communications
36516	ses	Communications
36581	ses	Communications
37748	ses	Communications
37775	ses	Communications
37809	ses	Communications
37826	ses	Communications
38087	ses	Communications
38652	ses	Communications
38778	ses	Communications
39172	ses	Communications
39188	ses	Communications
39189	ses	Communications
39190	ses	Communications
39191	ses	Communications
39285	ses	Communications
39460	ses	Communications
39617	ses	Communications
40079	ses	Communications
40080	ses	Communications
40081	ses	Communications
40082	ses	Communications
40348	ses	Communications
40349	ses	Communications
40350	ses	Communications
40351	ses	Communications
40364	ses	Communications
41380	ses	Communications
42432	ses	Communications
42709	ses	Communications
42967	ses	Communications
43175	ses	Communications
43231	ses	Communications
43232	ses	Communications
43233	ses	Communications
43234	ses	Communications
43488	ses	Communications
44112	ses	Communications
44113	ses	Communications
44114	ses	Communications
44115	ses	Communications
44235	starlink	Communications
44236	starlink	Communications
44237	starlink	Communications
44238	starlink	Communications
44239	starlink	Communications
44240	starlink	Communications
44241	starlink	Communications
44242	starlink	Communications
44243	starlink	Communications
44244	starlink	Communications
44245	starlink	Communications
44246	starlink	Communications
44247	starlink	Communications
44248	starlink	Communications
44249	starlink	Communications
44250	starlink	Communications
44251	starlink	Communications
44252	starlink	Communications
44253	starlink	Communications
44254	starlink	Communications
44255	starlink	Communications
44256	starlink	Communications
44257	starlink	Communications
44258	starlink	Communications
44259	starlink	Communications
44260	starlink	Communications
44261	starlink	Communications
44262	starlink	Communications
44263	starlink	Communications
44264	starlink	Communications
44265	starlink	Communications
44266	starlink	Communications
44267	starlink	Communications
44268	starlink	Communications
44269	starlink	Communications
44270	starlink	Communications
44271	starlink	Communications
44272	starlink	Communications
44273	starlink	Communications
44274	starlink	Communications
44275	starlink	Communications
44276	starlink	Communications
44277	starlink	Communications
44278	starlink	Communications
44279	starlink	Communications
44280	starlink	Communications
44281	starlink	Communications
44282	starlink	Communications
44283	starlink	Communications
44284	starlink	Communications
44285	starlink	Communications
44286	starlink	Communications
44287	starlink	Communications
44288	starlink	Communications
44289	starlink	Communications
44290	starlink	Communications
44291	starlink	Communications
44292	starlink	Communications
44293	starlink	Communications
44294	starlink	Communications
44295	starlink	Communications
44296	starlink	Communications
44297	starlink	Communications
44298	starlink	Communications
28366	x-comm	Communications
28369	x-comm	Communications
28370	x-comm	Communications
28372	x-comm	Communications
28493	x-comm	Communications
31119	x-comm	Communications
31121	x-comm	Communications
31124	x-comm	Communications
31125	x-comm	Communications
31127	x-comm	Communications
35684	x-comm	Communications
35686	x-comm	Communications
36797	x-comm	Communications
43186	x-comm	Communications
43187	x-comm	Communications
43188	x-comm	Communications
43189	x-comm	Communications
