24732	intelsat
24812	intelsat
24916	intelsat
25371	intelsat
26038	intelsat
26451	intelsat
26590	intelsat
26608	intelsat
26766	intelsat
26824	intelsat
26900	intelsat
26985	intelsat
27380	intelsat
27403	intelsat
27426	intelsat
27438	intelsat
27445	intelsat
27513	intelsat
27683	intelsat
27715	intelsat
27854	intelsat
27954	intelsat
28238	intelsat
28358	intelsat
28626	intelsat
28644	intelsat
28659	intelsat
28702	intelsat
28790	intelsat
28884	intelsat
28903	intelsat
29236	intelsat
29494	intelsat
29520	intelsat
31307	intelsat
31862	intelsat
32018	intelsat
32253	intelsat
32388	intelsat
32729	intelsat
32951	intelsat
33153	intelsat
33376	intelsat
35493	intelsat
36097	intelsat
36106	intelsat
36131	intelsat
36397	intelsat
37185	intelsat
37238	intelsat
37392	intelsat
37834	intelsat
38098	intelsat
38356	intelsat
38740	intelsat
38749	intelsat
38867	intelsat
39360	intelsat
40271	intelsat
40874	intelsat
41581	intelsat
41747	intelsat
41748	intelsat
41945	intelsat
42818	intelsat
42950	intelsat
43632	intelsat
43633	intelsat
44476	intelsat
