07276	molniya
07376	molniya
07392	molniya
07780	molniya
08195	molniya
08601	molniya
09829	molniya
09880	molniya
10455	molniya
10925	molniya
11057	molniya
11896	molniya
12156	molniya
13012	molniya
13070	molniya
13875	molniya
13890	molniya
15214	molniya
15429	molniya
15738	molniya
16393	molniya
17078	molniya
17328	molniya
18946	molniya
19807	molniya
21118	molniya
21196	molniya
21426	molniya
21706	molniya
22178	molniya
22671	molniya
22949	molniya
23420	molniya
23642	molniya
24960	molniya
25485	molniya
25847	molniya
