21576	orbcomm
23545	orbcomm
23546	orbcomm
25112	orbcomm
25113	orbcomm
25114	orbcomm
25115	orbcomm
25116	orbcomm
25117	orbcomm
25118	orbcomm
25119	orbcomm
25158	orbcomm
25159	orbcomm
25413	orbcomm
25414	orbcomm
25415	orbcomm
25416	orbcomm
25417	orbcomm
25418	orbcomm
25419	orbcomm
25420	orbcomm
25475	orbcomm
25476	orbcomm
25477	orbcomm
25478	orbcomm
25479	orbcomm
25480	orbcomm
25481	orbcomm
25482	orbcomm
25980	orbcomm
25981	orbcomm
25982	orbcomm
25983	orbcomm
25984	orbcomm
25985	orbcomm
25986	orbcomm
33060	orbcomm
33061	orbcomm
33062	orbcomm
33063	orbcomm
33064	orbcomm
33065	orbcomm
40086	orbcomm
40087	orbcomm
40088	orbcomm
40089	orbcomm
40090	orbcomm
40091	orbcomm
41179	orbcomm
41180	orbcomm
41181	orbcomm
41182	orbcomm
41183	orbcomm
41184	orbcomm
41185	orbcomm
41186	orbcomm
41187	orbcomm
41188	orbcomm
41189	orbcomm
