00965	satnogs
07530	satnogs
14781	satnogs
15427	satnogs
20442	satnogs
22826	satnogs
23439	satnogs
24278	satnogs
25338	satnogs
25397	satnogs
25544	satnogs
25635	satnogs
26931	satnogs
27607	satnogs
27844	satnogs
27848	satnogs
27939	satnogs
28628	satnogs
28654	satnogs
28895	satnogs
29499	satnogs
29710	satnogs
30776	satnogs
31130	satnogs
32783	satnogs
32785	satnogs
32787	satnogs
32788	satnogs
32789	satnogs
32791	satnogs
32953	satnogs
32958	satnogs
33493	satnogs
33498	satnogs
33499	satnogs
33591	satnogs
35932	satnogs
35933	satnogs
35935	satnogs
36122	satnogs
36795	satnogs
36799	satnogs
37214	satnogs
37839	satnogs
37841	satnogs
37855	satnogs
38078	satnogs
38340	satnogs
38771	satnogs
39086	satnogs
39087	satnogs
39090	satnogs
39091	satnogs
39092	satnogs
39134	satnogs
39135	satnogs
39136	satnogs
39151	satnogs
39153	satnogs
39161	satnogs
39260	satnogs
39265	satnogs
39417	satnogs
39426	satnogs
39427	satnogs
39428	satnogs
39430	satnogs
39431	satnogs
39432	satnogs
39433	satnogs
39438	satnogs
39439	satnogs
39440	satnogs
39441	satnogs
39444	satnogs
39445	satnogs
39446	satnogs
39492	satnogs
39770	satnogs
40012	satnogs
40014	satnogs
40021	satnogs
40024	satnogs
40025	satnogs
40030	satnogs
40032	satnogs
40042	satnogs
40043	satnogs
40054	satnogs
40055	satnogs
40056	satnogs
40057	satnogs
40069	satnogs
40071	satnogs
40074	satnogs
40377	satnogs
40378	satnogs
40379	satnogs
40380	satnogs
40719	satnogs
40900	satnogs
40903	satnogs
40906	satnogs
40907	satnogs
40908	satnogs
40909	satnogs
40910	satnogs
40911	satnogs
40912	satnogs
40926	satnogs
40927	satnogs
40928	satnogs
40931	satnogs
40958	satnogs
41168	satnogs
41170	satnogs
41171	satnogs
41338	satnogs
41339	satnogs
41340	satnogs
41458	satnogs
41459	satnogs
41460	satnogs
41465	satnogs
41466	satnogs
41557	satnogs
41558	satnogs
41599	satnogs
41600	satnogs
41603	satnogs
41604	satnogs
41607	satnogs
41619	satnogs
41732	satnogs
41783	satnogs
41789	satnogs
41845	satnogs
41948	satnogs
42017	satnogs
42726	satnogs
42759	satnogs
42761	satnogs
42765	satnogs
42766	satnogs
42767	satnogs
42768	satnogs
42775	satnogs
42776	satnogs
42777	satnogs
42778	satnogs
42784	satnogs
42787	satnogs
42788	satnogs
42789	satnogs
42790	satnogs
42792	satnogs
42794	satnogs
42828	satnogs
42829	satnogs
42830	satnogs
42831	satnogs
42846	satnogs
42847	satnogs
42983	satnogs
43012	satnogs
43017	satnogs
43018	satnogs
43019	satnogs
43116	satnogs
43119	satnogs
43120	satnogs
43121	satnogs
43122	satnogs
43131	satnogs
43132	satnogs
43134	satnogs
43137	satnogs
43138	satnogs
43155	satnogs
43156	satnogs
43158	satnogs
43186	satnogs
43187	satnogs
43188	satnogs
43189	satnogs
43192	satnogs
43199	satnogs
43466	satnogs
43467	satnogs
43468	satnogs
43551	satnogs
43552	satnogs
43589	satnogs
43590	satnogs
43591	satnogs
43595	satnogs
43596	satnogs
43597	satnogs
43598	satnogs
43614	satnogs
43615	satnogs
43616	satnogs
43617	satnogs
43640	satnogs
43666	satnogs
43669	satnogs
43677	satnogs
43678	satnogs
43679	satnogs
43693	satnogs
43700	satnogs
43721	satnogs
43722	satnogs
43738	satnogs
43743	satnogs
43768	satnogs
43770	satnogs
43772	satnogs
43773	satnogs
43780	satnogs
43782	satnogs
43784	satnogs
43786	satnogs
43787	satnogs
43790	satnogs
43792	satnogs
43793	satnogs
43798	satnogs
43803	satnogs
43804	satnogs
43805	satnogs
43814	satnogs
43855	satnogs
43880	satnogs
