44235	starlink
44236	starlink
44237	starlink
44238	starlink
44239	starlink
44240	starlink
44241	starlink
44242	starlink
44243	starlink
44244	starlink
44245	starlink
44246	starlink
44247	starlink
44248	starlink
44249	starlink
44250	starlink
44251	starlink
44252	starlink
44253	starlink
44254	starlink
44255	starlink
44256	starlink
44257	starlink
44258	starlink
44259	starlink
44260	starlink
44261	starlink
44262	starlink
44263	starlink
44264	starlink
44265	starlink
44266	starlink
44267	starlink
44268	starlink
44269	starlink
44270	starlink
44271	starlink
44272	starlink
44273	starlink
44274	starlink
44275	starlink
44276	starlink
44277	starlink
44278	starlink
44279	starlink
44280	starlink
44281	starlink
44282	starlink
44283	starlink
44284	starlink
44285	starlink
44286	starlink
44287	starlink
44288	starlink
44289	starlink
44290	starlink
44291	starlink
44292	starlink
44293	starlink
44294	starlink
44295	starlink
44296	starlink
44297	starlink
44298	starlink
