22490	resource
25397	resource
25504	resource
25682	resource
25757	resource
25994	resource
27004	resource
27424	resource
28051	resource
28220	resource
28254	resource
28376	resource
28649	resource
28893	resource
29079	resource
29228	resource
29268	resource
29709	resource
29710	resource
31113	resource
31598	resource
31698	resource
32060	resource
32289	resource
32376	resource
32382	resource
32783	resource
33105	resource
33312	resource
33313	resource
33314	resource
33315	resource
33316	resource
33320	resource
33321	resource
33331	resource
33396	resource
33412	resource
33446	resource
33492	resource
34839	resource
35681	resource
35682	resource
35931	resource
35946	resource
36036	resource
36110	resource
36605	resource
36795	resource
36834	resource
37216	resource
37387	resource
37781	resource
37791	resource
37838	resource
37841	resource
37941	resource
38012	resource
38038	resource
38046	resource
38248	resource
38338	resource
38707	resource
38709	resource
38755	resource
39019	resource
39030	resource
39084	resource
39086	resource
39150	resource
39160	resource
39227	resource
39363	resource
39418	resource
39419	resource
39574	resource
39634	resource
39731	resource
39766	resource
40010	resource
40011	resource
40013	resource
40015	resource
40053	resource
40072	resource
40115	resource
40118	resource
40143	resource
40275	resource
40298	resource
40299	resource
40301	resource
40305	resource
40310	resource
40336	resource
40360	resource
40362	resource
40376	resource
40536	resource
40697	resource
40701	resource
40718	resource
40878	resource
40894	resource
40931	resource
41026	resource
41038	resource
41167	resource
41169	resource
41194	resource
41240	resource
41335	resource
41456	resource
41556	resource
41557	resource
41558	resource
41599	resource
41601	resource
41603	resource
41604	resource
41727	resource
41771	resource
41772	resource
41773	resource
41774	resource
41785	resource
41787	resource
41790	resource
41848	resource
41875	resource
41877	resource
41948	resource
42063	resource
42759	resource
42760	resource
42761	resource
42767	resource
42920	resource
42969	resource
42987	resource
42988	resource
42989	resource
42990	resource
42991	resource
42992	resource
43111	resource
43128	resource
43195	resource
43204	resource
43259	resource
43260	resource
43262	resource
43437	resource
43461	resource
43484	resource
43585	resource
43600	resource
43613	resource
43719	resource
43783	resource
43831	resource
43833	resource
