25338	sarsat
27509	sarsat
27663	sarsat
28190	sarsat
28361	sarsat
28474	sarsat
28654	sarsat
28874	sarsat
28912	sarsat
29155	sarsat
29499	sarsat
29601	sarsat
32260	sarsat
32384	sarsat
33591	sarsat
35491	sarsat
36411	sarsat
37372	sarsat
37753	sarsat
37846	sarsat
37847	sarsat
37951	sarsat
38552	sarsat
38771	sarsat
38833	sarsat
38857	sarsat
38858	sarsat
39166	sarsat
39216	sarsat
39533	sarsat
39727	sarsat
39741	sarsat
40105	sarsat
40128	sarsat
40129	sarsat
40294	sarsat
40315	sarsat
40534	sarsat
40544	sarsat
40545	sarsat
40730	sarsat
40732	sarsat
40889	sarsat
40890	sarsat
41019	sarsat
41105	sarsat
41174	sarsat
41175	sarsat
41328	sarsat
41549	sarsat
41550	sarsat
41752	sarsat
41859	sarsat
41860	sarsat
41861	sarsat
41862	sarsat
41866	sarsat
42815	sarsat
43055	sarsat
43056	sarsat
43057	sarsat
43058	sarsat
43226	sarsat
43564	sarsat
43565	sarsat
43566	sarsat
43567	sarsat
43622	sarsat
43623	sarsat
