25338	argos	Weather & Earth Resources
28654	argos	Weather & Earth Resources
29499	argos	Weather & Earth Resources
33591	argos	Weather & Earth Resources
38771	argos	Weather & Earth Resources
39086	argos	Weather & Earth Resources
43689	argos	Weather & Earth Resources
28890	dmc	Weather & Earth Resources
33320	dmc	Weather & Earth Resources
33321	dmc	Weather & Earth Resources
33446	dmc	Weather & Earth Resources
35681	dmc	Weather & Earth Resources
35683	dmc	Weather & Earth Resources
38248	dmc	Weather & Earth Resources
40715	dmc	Weather & Earth Resources
40716	dmc	Weather & Earth Resources
40717	dmc	Weather & Earth Resources
08366	goes	Weather & Earth Resources
10061	goes	Weather & Earth Resources
10953	goes	Weather & Earth Resources
11964	goes	Weather & Earth Resources
12472	goes	Weather & Earth Resources
14050	goes	Weather & Earth Resources
17561	goes	Weather & Earth Resources
23051	goes	Weather & Earth Resources
23581	goes	Weather & Earth Resources
24786	goes	Weather & Earth Resources
26352	goes	Weather & Earth Resources
26871	goes	Weather & Earth Resources
29155	goes	Weather & Earth Resources
35491	goes	Weather & Earth Resources
36411	goes	Weather & Earth Resources
41866	goes	Weather & Earth Resources
43226	goes	Weather & Earth Resources
04793	noaa	Weather & Earth Resources
06235	noaa	Weather & Earth Resources
06920	noaa	Weather & Earth Resources
07529	noaa	Weather & Earth Resources
09057	noaa	Weather & Earth Resources
11060	noaa	Weather & Earth Resources
11416	noaa	Weather & Earth Resources
12553	noaa	Weather & Earth Resources
13923	noaa	Weather & Earth Resources
15427	noaa	Weather & Earth Resources
16969	noaa	Weather & Earth Resources
19531	noaa	Weather & Earth Resources
21263	noaa	Weather & Earth Resources
22739	noaa	Weather & Earth Resources
23455	noaa	Weather & Earth Resources
25338	noaa	Weather & Earth Resources
26536	noaa	Weather & Earth Resources
27453	noaa	Weather & Earth Resources
28654	noaa	Weather & Earth Resources
33591	noaa	Weather & Earth Resources
37849	noaa	Weather & Earth Resources
43013	noaa	Weather & Earth Resources
33312	planet	Weather & Earth Resources
33313	planet	Weather & Earth Resources
33314	planet	Weather & Earth Resources
33315	planet	Weather & Earth Resources
33316	planet	Weather & Earth Resources
39418	planet	Weather & Earth Resources
40023	planet	Weather & Earth Resources
40026	planet	Weather & Earth Resources
40027	planet	Weather & Earth Resources
40029	planet	Weather & Earth Resources
40031	planet	Weather & Earth Resources
40033	planet	Weather & Earth Resources
40035	planet	Weather & Earth Resources
40036	planet	Weather & Earth Resources
40038	planet	Weather & Earth Resources
40040	planet	Weather & Earth Resources
40041	planet	Weather & Earth Resources
40072	planet	Weather & Earth Resources
41601	planet	Weather & Earth Resources
41606	planet	Weather & Earth Resources
41608	planet	Weather & Earth Resources
41609	planet	Weather & Earth Resources
41610	planet	Weather & Earth Resources
41611	planet	Weather & Earth Resources
41612	planet	Weather & Earth Resources
41613	planet	Weather & Earth Resources
41614	planet	Weather & Earth Resources
41615	planet	Weather & Earth Resources
41616	planet	Weather & Earth Resources
41617	planet	Weather & Earth Resources
41618	planet	Weather & Earth Resources
41771	planet	Weather & Earth Resources
41772	planet	Weather & Earth Resources
41773	planet	Weather & Earth Resources
41774	planet	Weather & Earth Resources
41950	planet	Weather & Earth Resources
41951	planet	Weather & Earth Resources
41952	planet	Weather & Earth Resources
41953	planet	Weather & Earth Resources
41955	planet	Weather & Earth Resources
41956	planet	Weather & Earth Resources
41957	planet	Weather & Earth Resources
41958	planet	Weather & Earth Resources
41959	planet	Weather & Earth Resources
41960	planet	Weather & Earth Resources
41961	planet	Weather & Earth Resources
41962	planet	Weather & Earth Resources
41963	planet	Weather & Earth Resources
41964	planet	Weather & Earth Resources
41965	planet	Weather & Earth Resources
41966	planet	Weather & Earth Resources
41967	planet	Weather & Earth Resources
41968	planet	Weather & Earth Resources
41969	planet	Weather & Earth Resources
41970	planet	Weather & Earth Resources
41971	planet	Weather & Earth Resources
41972	planet	Weather & Earth Resources
41973	planet	Weather & Earth Resources
41974	planet	Weather & Earth Resources
41975	planet	Weather & Earth Resources
41976	planet	Weather & Earth Resources
41977	planet	Weather & Earth Resources
41978	planet	Weather & Earth Resources
41979	planet	Weather & Earth Resources
41980	planet	Weather & Earth Resources
41981	planet	Weather & Earth Resources
41982	planet	Weather & Earth Resources
41983	planet	Weather & Earth Resources
41984	planet	Weather & Earth Resources
41985	planet	Weather & Earth Resources
41986	planet	Weather & Earth Resources
41987	planet	Weather & Earth Resources
41988	planet	Weather & Earth Resources
41989	planet	Weather & Earth Resources
41990	planet	Weather & Earth Resources
42001	planet	Weather & Earth Resources
42002	planet	Weather & Earth Resources
42003	planet	Weather & Earth Resources
42004	planet	Weather & Earth Resources
42005	planet	Weather & Earth Resources
42006	planet	Weather & Earth Resources
42007	planet	Weather & Earth Resources
42008	planet	Weather & Earth Resources
42009	planet	Weather & Earth Resources
42010	planet	Weather & Earth Resources
42011	planet	Weather & Earth Resources
42012	planet	Weather & Earth Resources
42013	planet	Weather & Earth Resources
42014	planet	Weather & Earth Resources
42018	planet	Weather & Earth Resources
42019	planet	Weather & Earth Resources
42020	planet	Weather & Earth Resources
42021	planet	Weather & Earth Resources
42022	planet	Weather & Earth Resources
42023	planet	Weather & Earth Resources
42024	planet	Weather & Earth Resources
42025	planet	Weather & Earth Resources
42026	planet	Weather & Earth Resources
42027	planet	Weather & Earth Resources
42028	planet	Weather & Earth Resources
42029	planet	Weather & Earth Resources
42030	planet	Weather & Earth Resources
42031	planet	Weather & Earth Resources
42032	planet	Weather & Earth Resources
42033	planet	Weather & Earth Resources
42034	planet	Weather & Earth Resources
42035	planet	Weather & Earth Resources
42036	planet	Weather & Earth Resources
42037	planet	Weather & Earth Resources
42038	planet	Weather & Earth Resources
42039	planet	Weather & Earth Resources
42040	planet	Weather & Earth Resources
42041	planet	Weather & Earth Resources
42042	planet	Weather & Earth Resources
42043	planet	Weather & Earth Resources
42044	planet	Weather & Earth Resources
42045	planet	Weather & Earth Resources
42046	planet	Weather & Earth Resources
42047	planet	Weather & Earth Resources
42048	planet	Weather & Earth Resources
42049	planet	Weather & Earth Resources
42050	planet	Weather & Earth Resources
42051	planet	Weather & Earth Resources
42850	planet	Weather & Earth Resources
42851	planet	Weather & Earth Resources
42852	planet	Weather & Earth Resources
42853	planet	Weather & Earth Resources
42854	planet	Weather & Earth Resources
42855	planet	Weather & Earth Resources
42856	planet	Weather & Earth Resources
42857	planet	Weather & Earth Resources
42858	planet	Weather & Earth Resources
42859	planet	Weather & Earth Resources
42860	planet	Weather & Earth Resources
42861	planet	Weather & Earth Resources
42862	planet	Weather & Earth Resources
42863	planet	Weather & Earth Resources
42864	planet	Weather & Earth Resources
42865	planet	Weather & Earth Resources
42866	planet	Weather & Earth Resources
42867	planet	Weather & Earth Resources
42868	planet	Weather & Earth Resources
42869	planet	Weather & Earth Resources
42870	planet	Weather & Earth Resources
42871	planet	Weather & Earth Resources
42872	planet	Weather & Earth Resources
42873	planet	Weather & Earth Resources
42874	planet	Weather & Earth Resources
42875	planet	Weather & Earth Resources
42876	planet	Weather & Earth Resources
42877	planet	Weather & Earth Resources
42878	planet	Weather & Earth Resources
42879	planet	Weather & Earth Resources
42880	planet	Weather & Earth Resources
42882	planet	Weather & Earth Resources
42883	planet	Weather & Earth Resources
42884	planet	Weather & Earth Resources
42885	planet	Weather & Earth Resources
42886	planet	Weather & Earth Resources
42887	planet	Weather & Earth Resources
42888	planet	Weather & Earth Resources
42889	planet	Weather & Earth Resources
42890	planet	Weather & Earth Resources
42891	planet	Weather & Earth Resources
42892	planet	Weather & Earth Resources
42893	planet	Weather & Earth Resources
42894	planet	Weather & Earth Resources
42895	planet	Weather & Earth Resources
42896	planet	Weather & Earth Resources
42897	planet	Weather & Earth Resources
42987	planet	Weather & Earth Resources
42988	planet	Weather & Earth Resources
42989	planet	Weather & Earth Resources
42990	planet	Weather & Earth Resources
42991	planet	Weather & Earth Resources
42992	planet	Weather & Earth Resources
42995	planet	Weather & Earth Resources
42996	planet	Weather & Earth Resources
42997	planet	Weather & Earth Resources
42998	planet	Weather & Earth Resources
43119	planet	Weather & Earth Resources
43120	planet	Weather & Earth Resources
43121	planet	Weather & Earth Resources
43122	planet	Weather & Earth Resources
43723	planet	Weather & Earth Resources
43724	planet	Weather & Earth Resources
43725	planet	Weather & Earth Resources
43726	planet	Weather & Earth Resources
43727	planet	Weather & Earth Resources
43733	planet	Weather & Earth Resources
43734	planet	Weather & Earth Resources
43735	planet	Weather & Earth Resources
43736	planet	Weather & Earth Resources
43740	planet	Weather & Earth Resources
43741	planet	Weather & Earth Resources
43742	planet	Weather & Earth Resources
43747	planet	Weather & Earth Resources
43748	planet	Weather & Earth Resources
43749	planet	Weather & Earth Resources
43750	planet	Weather & Earth Resources
43769	planet	Weather & Earth Resources
43788	planet	Weather & Earth Resources
43797	planet	Weather & Earth Resources
43802	planet	Weather & Earth Resources
43892	planet	Weather & Earth Resources
43893	planet	Weather & Earth Resources
43894	planet	Weather & Earth Resources
43895	planet	Weather & Earth Resources
43896	planet	Weather & Earth Resources
43899	planet	Weather & Earth Resources
43901	planet	Weather & Earth Resources
43902	planet	Weather & Earth Resources
43903	planet	Weather & Earth Resources
43904	planet	Weather & Earth Resources
43905	planet	Weather & Earth Resources
43906	planet	Weather & Earth Resources
44079	planet	Weather & Earth Resources
44080	planet	Weather & Earth Resources
44081	planet	Weather & Earth Resources
44082	planet	Weather & Earth Resources
44088	planet	Weather & Earth Resources
44089	planet	Weather & Earth Resources
44090	planet	Weather & Earth Resources
44091	planet	Weather & Earth Resources
44092	planet	Weather & Earth Resources
44093	planet	Weather & Earth Resources
44094	planet	Weather & Earth Resources
44095	planet	Weather & Earth Resources
44096	planet	Weather & Earth Resources
44097	planet	Weather & Earth Resources
44098	planet	Weather & Earth Resources
44099	planet	Weather & Earth Resources
44100	planet	Weather & Earth Resources
44101	planet	Weather & Earth Resources
44102	planet	Weather & Earth Resources
44108	planet	Weather & Earth Resources
22490	resource	Weather & Earth Resources
25397	resource	Weather & Earth Resources
25504	resource	Weather & Earth Resources
25682	resource	Weather & Earth Resources
25757	resource	Weather & Earth Resources
25994	resource	Weather & Earth Resources
27004	resource	Weather & Earth Resources
27424	resource	Weather & Earth Resources
28051	resource	Weather & Earth Resources
28220	resource	Weather & Earth Resources
28254	resource	Weather & Earth Resources
28376	resource	Weather & Earth Resources
28649	resource	Weather & Earth Resources
28893	resource	Weather & Earth Resources
29079	resource	Weather & Earth Resources
29228	resource	Weather & Earth Resources
29268	resource	Weather & Earth Resources
29709	resource	Weather & Earth Resources
29710	resource	Weather & Earth Resources
31113	resource	Weather & Earth Resources
31598	resource	Weather & Earth Resources
31698	resource	Weather & Earth Resources
32060	resource	Weather & Earth Resources
32289	resource	Weather & Earth Resources
32376	resource	Weather & Earth Resources
32382	resource	Weather & Earth Resources
32783	resource	Weather & Earth Resources
33105	resource	Weather & Earth Resources
33312	resource	Weather & Earth Resources
33313	resource	Weather & Earth Resources
33314	resource	Weather & Earth Resources
33315	resource	Weather & Earth Resources
33316	resource	Weather & Earth Resources
33320	resource	Weather & Earth Resources
33321	resource	Weather & Earth Resources
33331	resource	Weather & Earth Resources
33396	resource	Weather & Earth Resources
33412	resource	Weather & Earth Resources
33446	resource	Weather & Earth Resources
33492	resource	Weather & Earth Resources
34839	resource	Weather & Earth Resources
35681	resource	Weather & Earth Resources
35682	resource	Weather & Earth Resources
35931	resource	Weather & Earth Resources
35946	resource	Weather & Earth Resources
36036	resource	Weather & Earth Resources
36110	resource	Weather & Earth Resources
36605	resource	Weather & Earth Resources
36795	resource	Weather & Earth Resources
36834	resource	Weather & Earth Resources
37216	resource	Weather & Earth Resources
37387	resource	Weather & Earth Resources
37781	resource	Weather & Earth Resources
37791	resource	Weather & Earth Resources
37838	resource	Weather & Earth Resources
37841	resource	Weather & Earth Resources
37941	resource	Weather & Earth Resources
38012	resource	Weather & Earth Resources
38038	resource	Weather & Earth Resources
38046	resource	Weather & Earth Resources
38248	resource	Weather & Earth Resources
38338	resource	Weather & Earth Resources
38707	resource	Weather & Earth Resources
38709	resource	Weather & Earth Resources
38755	resource	Weather & Earth Resources
39019	resource	Weather & Earth Resources
39030	resource	Weather & Earth Resources
39084	resource	Weather & Earth Resources
39086	resource	Weather & Earth Resources
39150	resource	Weather & Earth Resources
39160	resource	Weather & Earth Resources
39227	resource	Weather & Earth Resources
39363	resource	Weather & Earth Resources
39418	resource	Weather & Earth Resources
39419	resource	Weather & Earth Resources
39574	resource	Weather & Earth Resources
39634	resource	Weather & Earth Resources
39731	resource	Weather & Earth Resources
39766	resource	Weather & Earth Resources
40010	resource	Weather & Earth Resources
40011	resource	Weather & Earth Resources
40013	resource	Weather & Earth Resources
40015	resource	Weather & Earth Resources
40053	resource	Weather & Earth Resources
40072	resource	Weather & Earth Resources
40115	resource	Weather & Earth Resources
40118	resource	Weather & Earth Resources
40143	resource	Weather & Earth Resources
40275	resource	Weather & Earth Resources
40298	resource	Weather & Earth Resources
40299	resource	Weather & Earth Resources
40301	resource	Weather & Earth Resources
40305	resource	Weather & Earth Resources
40310	resource	Weather & Earth Resources
40336	resource	Weather & Earth Resources
40360	resource	Weather & Earth Resources
40362	resource	Weather & Earth Resources
40376	resource	Weather & Earth Resources
40536	resource	Weather & Earth Resources
40697	resource	Weather & Earth Resources
40701	resource	Weather & Earth Resources
40718	resource	Weather & Earth Resources
40878	resource	Weather & Earth Resources
40894	resource	Weather & Earth Resources
40931	resource	Weather & Earth Resources
41026	resource	Weather & Earth Resources
41038	resource	Weather & Earth Resources
41167	resource	Weather & Earth Resources
41169	resource	Weather & Earth Resources
41194	resource	Weather & Earth Resources
41240	resource	Weather & Earth Resources
41335	resource	Weather & Earth Resources
41456	resource	Weather & Earth Resources
41556	resource	Weather & Earth Resources
41557	resource	Weather & Earth Resources
41558	resource	Weather & Earth Resources
41599	resource	Weather & Earth Resources
41601	resource	Weather & Earth Resources
41603	resource	Weather & Earth Resources
41604	resource	Weather & Earth Resources
41727	resource	Weather & Earth Resources
41771	resource	Weather & Earth Resources
41772	resource	Weather & Earth Resources
41773	resource	Weather & Earth Resources
41774	resource	Weather & Earth Resources
41785	resource	Weather & Earth Resources
41787	resource	Weather & Earth Resources
41790	resource	Weather & Earth Resources
41848	resource	Weather & Earth Resources
41875	resource	Weather & Earth Resources
41877	resource	Weather & Earth Resources
41948	resource	Weather & Earth Resources
42063	resource	Weather & Earth Resources
42759	resource	Weather & Earth Resources
42760	resource	Weather & Earth Resources
42761	resource	Weather & Earth Resources
42767	resource	Weather & Earth Resources
42920	resource	Weather & Earth Resources
42969	resource	Weather & Earth Resources
42987	resource	Weather & Earth Resources
42988	resource	Weather & Earth Resources
42989	resource	Weather & Earth Resources
42990	resource	Weather & Earth Resources
42991	resource	Weather & Earth Resources
42992	resource	Weather & Earth Resources
43111	resource	Weather & Earth Resources
43128	resource	Weather & Earth Resources
43195	resource	Weather & Earth Resources
43204	resource	Weather & Earth Resources
43259	resource	Weather & Earth Resources
43260	resource	Weather & Earth Resources
43262	resource	Weather & Earth Resources
43437	resource	Weather & Earth Resources
43461	resource	Weather & Earth Resources
43484	resource	Weather & Earth Resources
43585	resource	Weather & Earth Resources
43600	resource	Weather & Earth Resources
43613	resource	Weather & Earth Resources
43719	resource	Weather & Earth Resources
43783	resource	Weather & Earth Resources
43831	resource	Weather & Earth Resources
43833	resource	Weather & Earth Resources
25338	sarsat	Weather & Earth Resources
27509	sarsat	Weather & Earth Resources
27663	sarsat	Weather & Earth Resources
28190	sarsat	Weather & Earth Resources
28361	sarsat	Weather & Earth Resources
28474	sarsat	Weather & Earth Resources
28654	sarsat	Weather & Earth Resources
28874	sarsat	Weather & Earth Resources
28912	sarsat	Weather & Earth Resources
29155	sarsat	Weather & Earth Resources
29499	sarsat	Weather & Earth Resources
29601	sarsat	Weather & Earth Resources
32260	sarsat	Weather & Earth Resources
32384	sarsat	Weather & Earth Resources
33591	sarsat	Weather & Earth Resources
35491	sarsat	Weather & Earth Resources
36411	sarsat	Weather & Earth Resources
37372	sarsat	Weather & Earth Resources
37753	sarsat	Weather & Earth Resources
37846	sarsat	Weather & Earth Resources
37847	sarsat	Weather & Earth Resources
37951	sarsat	Weather & Earth Resources
38552	sarsat	Weather & Earth Resources
38771	sarsat	Weather & Earth Resources
38833	sarsat	Weather & Earth Resources
38857	sarsat	Weather & Earth Resources
38858	sarsat	Weather & Earth Resources
39166	sarsat	Weather & Earth Resources
39216	sarsat	Weather & Earth Resources
39533	sarsat	Weather & Earth Resources
39727	sarsat	Weather & Earth Resources
39741	sarsat	Weather & Earth Resources
40105	sarsat	Weather & Earth Resources
40128	sarsat	Weather & Earth Resources
40129	sarsat	Weather & Earth Resources
40294	sarsat	Weather & Earth Resources
40315	sarsat	Weather & Earth Resources
40534	sarsat	Weather & Earth Resources
40544	sarsat	Weather & Earth Resources
40545	sarsat	Weather & Earth Resources
40730	sarsat	Weather & Earth Resources
40732	sarsat	Weather & Earth Resources
40889	sarsat	Weather & Earth Resources
40890	sarsat	Weather & Earth Resources
41019	sarsat	Weather & Earth Resources
41105	sarsat	Weather & Earth Resources
41174	sarsat	Weather & Earth Resources
41175	sarsat	Weather & Earth Resources
41328	sarsat	Weather & Earth Resources
41549	sarsat	Weather & Earth Resources
41550	sarsat	Weather & Earth Resources
41752	sarsat	Weather & Earth Resources
41859	sarsat	Weather & Earth Resources
41860	sarsat	Weather & Earth Resources
41861	sarsat	Weather & Earth Resources
41862	sarsat	Weather & Earth Resources
41866	sarsat	Weather & Earth Resources
42815	sarsat	Weather & Earth Resources
43055	sarsat	Weather & Earth Resources
43056	sarsat	Weather & Earth Resources
43057	sarsat	Weather & Earth Resources
43058	sarsat	Weather & Earth Resources
43226	sarsat	Weather & Earth Resources
43564	sarsat	Weather & Earth Resources
43565	sarsat	Weather & Earth Resources
43566	sarsat	Weather & Earth Resources
43567	sarsat	Weather & Earth Resources
43622	sarsat	Weather & Earth Resources
43623	sarsat	Weather & Earth Resources
40044	spire	Weather & Earth Resources
40932	spire	Weather & Earth Resources
40933	spire	Weather & Earth Resources
40935	spire	Weather & Earth Resources
41871	spire	Weather & Earth Resources
41872	spire	Weather & Earth Resources
41873	spire	Weather & Earth Resources
41874	spire	Weather & Earth Resources
41991	spire	Weather & Earth Resources
41992	spire	Weather & Earth Resources
41993	spire	Weather & Earth Resources
41994	spire	Weather & Earth Resources
41995	spire	Weather & Earth Resources
41996	spire	Weather & Earth Resources
41997	spire	Weather & Earth Resources
41998	spire	Weather & Earth Resources
42752	spire	Weather & Earth Resources
42753	spire	Weather & Earth Resources
42754	spire	Weather & Earth Resources
42755	spire	Weather & Earth Resources
42771	spire	Weather & Earth Resources
42772	spire	Weather & Earth Resources
42773	spire	Weather & Earth Resources
42774	spire	Weather & Earth Resources
42779	spire	Weather & Earth Resources
42780	spire	Weather & Earth Resources
42781	spire	Weather & Earth Resources
42782	spire	Weather & Earth Resources
42837	spire	Weather & Earth Resources
42838	spire	Weather & Earth Resources
42839	spire	Weather & Earth Resources
42840	spire	Weather & Earth Resources
42841	spire	Weather & Earth Resources
42842	spire	Weather & Earth Resources
42845	spire	Weather & Earth Resources
42881	spire	Weather & Earth Resources
43041	spire	Weather & Earth Resources
43045	spire	Weather & Earth Resources
43046	spire	Weather & Earth Resources
43047	spire	Weather & Earth Resources
43048	spire	Weather & Earth Resources
43051	spire	Weather & Earth Resources
43053	spire	Weather & Earth Resources
43054	spire	Weather & Earth Resources
43123	spire	Weather & Earth Resources
43124	spire	Weather & Earth Resources
43125	spire	Weather & Earth Resources
43126	spire	Weather & Earth Resources
43165	spire	Weather & Earth Resources
43167	spire	Weather & Earth Resources
43182	spire	Weather & Earth Resources
43183	spire	Weather & Earth Resources
43184	spire	Weather & Earth Resources
43185	spire	Weather & Earth Resources
43558	spire	Weather & Earth Resources
43559	spire	Weather & Earth Resources
43560	spire	Weather & Earth Resources
43561	spire	Weather & Earth Resources
43695	spire	Weather & Earth Resources
43697	spire	Weather & Earth Resources
43731	spire	Weather & Earth Resources
43732	spire	Weather & Earth Resources
43745	spire	Weather & Earth Resources
43746	spire	Weather & Earth Resources
43882	spire	Weather & Earth Resources
43883	spire	Weather & Earth Resources
43884	spire	Weather & Earth Resources
43885	spire	Weather & Earth Resources
43886	spire	Weather & Earth Resources
43887	spire	Weather & Earth Resources
43888	spire	Weather & Earth Resources
43889	spire	Weather & Earth Resources
44084	spire	Weather & Earth Resources
44085	spire	Weather & Earth Resources
44086	spire	Weather & Earth Resources
44087	spire	Weather & Earth Resources
44396	spire	Weather & Earth Resources
44402	spire	Weather & Earth Resources
44403	spire	Weather & Earth Resources
44405	spire	Weather & Earth Resources
44407	spire	Weather & Earth Resources
44409	spire	Weather & Earth Resources
44411	spire	Weather & Earth Resources
44413	spire	Weather & Earth Resources
19548	tdrss	Weather & Earth Resources
20580	tdrss	Weather & Earth Resources
21639	tdrss	Weather & Earth Resources
22314	tdrss	Weather & Earth Resources
23613	tdrss	Weather & Earth Resources
25544	tdrss	Weather & Earth Resources
25682	tdrss	Weather & Earth Resources
25994	tdrss	Weather & Earth Resources
26388	tdrss	Weather & Earth Resources
26998	tdrss	Weather & Earth Resources
27389	tdrss	Weather & Earth Resources
27424	tdrss	Weather & Earth Resources
27566	tdrss	Weather & Earth Resources
27651	tdrss	Weather & Earth Resources
28376	tdrss	Weather & Earth Resources
28485	tdrss	Weather & Earth Resources
30580	tdrss	Weather & Earth Resources
30797	tdrss	Weather & Earth Resources
30798	tdrss	Weather & Earth Resources
31304	tdrss	Weather & Earth Resources
33053	tdrss	Weather & Earth Resources
36119	tdrss	Weather & Earth Resources
39070	tdrss	Weather & Earth Resources
39504	tdrss	Weather & Earth Resources
39574	tdrss	Weather & Earth Resources
40482	tdrss	Weather & Earth Resources
40483	tdrss	Weather & Earth Resources
40484	tdrss	Weather & Earth Resources
40485	tdrss	Weather & Earth Resources
42915	tdrss	Weather & Earth Resources
43013	tdrss	Weather & Earth Resources
24753	weather	Weather & Earth Resources
25338	weather	Weather & Earth Resources
25991	weather	Weather & Earth Resources
27509	weather	Weather & Earth Resources
28054	weather	Weather & Earth Resources
28654	weather	Weather & Earth Resources
28912	weather	Weather & Earth Resources
28937	weather	Weather & Earth Resources
29047	weather	Weather & Earth Resources
29048	weather	Weather & Earth Resources
29049	weather	Weather & Earth Resources
29050	weather	Weather & Earth Resources
29051	weather	Weather & Earth Resources
29052	weather	Weather & Earth Resources
29155	weather	Weather & Earth Resources
29499	weather	Weather & Earth Resources
29522	weather	Weather & Earth Resources
32958	weather	Weather & Earth Resources
33463	weather	Weather & Earth Resources
33591	weather	Weather & Earth Resources
35491	weather	Weather & Earth Resources
35865	weather	Weather & Earth Resources
35951	weather	Weather & Earth Resources
36411	weather	Weather & Earth Resources
36744	weather	Weather & Earth Resources
37214	weather	Weather & Earth Resources
37849	weather	Weather & Earth Resources
38049	weather	Weather & Earth Resources
38552	weather	Weather & Earth Resources
38771	weather	Weather & Earth Resources
39260	weather	Weather & Earth Resources
40069	weather	Weather & Earth Resources
40267	weather	Weather & Earth Resources
40367	weather	Weather & Earth Resources
40732	weather	Weather & Earth Resources
41105	weather	Weather & Earth Resources
41836	weather	Weather & Earth Resources
41866	weather	Weather & Earth Resources
41882	weather	Weather & Earth Resources
41884	weather	Weather & Earth Resources
41885	weather	Weather & Earth Resources
41886	weather	Weather & Earth Resources
41887	weather	Weather & Earth Resources
41888	weather	Weather & Earth Resources
41889	weather	Weather & Earth Resources
41890	weather	Weather & Earth Resources
41891	weather	Weather & Earth Resources
43010	weather	Weather & Earth Resources
43013	weather	Weather & Earth Resources
43226	weather	Weather & Earth Resources
43491	weather	Weather & Earth Resources
43689	weather	Weather & Earth Resources
43823	weather	Weather & Earth Resources
44387	weather	Weather & Earth Resources
