24753	weather
25338	weather
25991	weather
27509	weather
28054	weather
28654	weather
28912	weather
28937	weather
29047	weather
29048	weather
29049	weather
29050	weather
29051	weather
29052	weather
29155	weather
29499	weather
29522	weather
32958	weather
33463	weather
33591	weather
35491	weather
35865	weather
35951	weather
36411	weather
36744	weather
37214	weather
37849	weather
38049	weather
38552	weather
38771	weather
39260	weather
40069	weather
40267	weather
40367	weather
40732	weather
41105	weather
41836	weather
41866	weather
41882	weather
41884	weather
41885	weather
41886	weather
41887	weather
41888	weather
41889	weather
41890	weather
41891	weather
43010	weather
43013	weather
43226	weather
43491	weather
43689	weather
43823	weather
44387	weather
